SNo,Status,Comment,dT_Test(s),ErrCode,aa,a,1122,Clr_R_DPI,Clr_G_DPI,Clr_B_DPI,R_rate,G_B_Rate,PX_DPI_3,PX_DPI_1,DPI_px_rate,random_sqrt1000,random_1000^1/3
,T,01-03-2014 15:47:27,MAC Addr:,OS version: 6.1.7601,,,,,,,,,,,,,
,U,,,,,1.1,,255,255,255,0.3,1,,,0.46,31,13
,L,,,,,-1.1,,0,20,20,0,0.4,,,0.2,0,1.65
,#P,8xxxxx-0000,,,,,,,,,,,,,,,
,#I,780-123456-001,x,2014/1/2 13:39,,,,,,,,,,,,,
,#L,4F,,,,,,,,,,,,,,,
,#M,60,,,,,,,,,,,,,,,
,#E,,,,,,,,,,,,,,,,
2,P,,101.93,,0,0,1,61,112,144,0.192422952,0.777723769,525,171,0.325652257,27.82153581,8.36142329
4,P,,17.53,,0.01,0.009999833,2,61,112,148,0.190025233,0.756705628,605,180,0.297471492,8.372851778,8.216037323
6,P,,21.67,,0.02,0.019998667,3,63,116,149,0.192067315,0.778471244,546,155,0.2838308,14.99133404,7.224552959
7,P,,23.67,,0.03,0.0299955,4,57,107,142,0.186268423,0.753468066,589,211,0.358173485,26.21806911,7.315785331
8,P,,26.26,,0.04,0.039989334,5,62,115,147,0.191352119,0.78225971,491,133,0.270820607,29.15583604,7.523313894
9,P,,16.07,,0.05,0.049979169,6,61,113,148,0.189435111,0.763461928,639,200,0.312940072,31.3945193,9.289590782
10,P,,13.99,,0.06,0.059964006,7,60,117,150,0.183480628,0.779948003,654,196,0.299648372,20.28009621,7.103675115
11,P,,13.88,,0.07,0.069942847,8,63,129,163,0.17745979,0.791362493,907,294,0.3241098,2.935875294,8.479606966
13,P,,14.68,,0.08,0.079914694,9,63,118,153,0.188617107,0.771191425,645,209,0.323980778,25.76231084,7.578767524
15,P,,15.19,,0.09,0.089878549,10,60,114,147,0.186910065,0.775457452,621,228,0.367090646,30.76372149,7.82740666
16,P,,13.56,,0.1,0.099833417,1,62,115,145,0.192540604,0.793048755,562,168,0.298879203,12.35477119,6.833926829
18,P,,26.41,,0.11,0.109778301,2,60,112,145,0.189268477,0.772360527,559,188,0.336254695,29.13743709,7.116201816
19,P,,20.98,,0.12,0.119712207,3,62,117,151,0.187873095,0.774783127,611,201,0.328915071,20.29850533,5.585433179
20,P,,26.79,,0.13,0.129634143,4,59,105,135,0.197317815,0.777720169,374,113,0.302058273,10.66130097,8.313182429
21,P,,14.62,,0.14,0.139543115,5,63,121,154,0.186385018,0.785663269,706,244,0.345560119,31.18858041,9.347595778
22,P,,13.67,,0.15,0.149438132,6,61,114,146,0.190025233,0.780768441,522,175,0.33518483,11.25607261,9.404405533
25,P,,17.05,,0.16,0.159318207,7,62,116,148,0.190178215,0.783730829,544,149,0.273846719,9.476407035,8.200004274
26,P,,14.06,,0.17,0.169182349,8,61,110,146,0.192422952,0.753373057,596,188,0.315383325,26.80994073,7.434017909
28,P,,13.12,,0.18,0.179029573,9,60,112,148,0.187494141,0.756705628,487,131,0.268938616,29.08023604,9.080301701
30,P,,14.32,,0.19,0.188858895,10,60,110,147,0.189268477,0.748248418,577,225,0.389880437,28.30361298,8.869692756
32,P,,21.06,,0.2,0.198669331,1,60,109,142,0.192919842,0.767551581,538,184,0.341943877,16.78052494,7.722475503
33,P,,18.81,,0.21,0.2084599,2,63,115,148,0.193245606,0.776974529,586,181,0.30882102,26.361827,9.995945326
35,P,,12.09,,0.22,0.218229623,3,60,113,144,0.189268477,0.784667731,601,177,0.294460156,11.65100757,9.324608799
36,P,,11.34,,0.23,0.227977524,4,63,116,152,0.190326576,0.76310769,547,156,0.285139828,5.618580841,7.40368601
37,P,,13.73,,0.24,0.237702626,5,63,116,153,0.189753321,0.758120384,637,181,0.284099827,21.7618664,8.186236313
38,P,,17.71,,0.25,0.247403959,6,57,112,145,0.181522881,0.772360527,550,198,0.359934557,15.03213554,4.53096605
40,P,,15.55,,0.26,0.257080552,7,63,118,148,0.191483542,0.797243429,650,202,0.310721427,31.27913886,8.823604029
41,P,,15.66,,0.27,0.266731437,8,63,117,151,0.190326576,0.774783127,608,186,0.305870745,21.86347487,4.421278896
42,P,,14.85,,0.28,0.276355649,9,62,112,148,0.192540604,0.756705628,567,187,0.32974784,19.13496388,9.289088182
44,P,,17.69,,0.29,0.285952225,10,59,107,137,0.194713046,0.780964893,464,146,0.314587373,4.465684535,8.998356541
47,P,,18.46,,0.3,0.295520207,1,58,105,137,0.193326889,0.766367418,388,119,0.306622005,28.16334146,9.089808993
48,P,,19.63,,0.31,0.305058636,2,63,119,155,0.186938073,0.767692407,534,172,0.322037072,31.54049265,4.323147112
49,P,,12.79,,0.32,0.314566561,3,59,110,147,0.186702952,0.748248418,584,185,0.316726588,25.92118467,6.10859438
50,P,,15.38,,0.33,0.324043028,4,62,119,154,0.185069102,0.772677099,488,158,0.323704159,20.29295023,9.749005884
52,P,,12.22,,0.34,0.333487092,5,60,115,149,0.18517947,0.771760285,599,228,0.380570856,25.09216562,7.113523363
53,P,,14.18,,0.35,0.342897807,6,60,113,146,0.188081878,0.773919595,501,159,0.317301936,21.61787655,6.432895596
54,P,,13.37,,0.36,0.352274233,7,60,114,148,0.186329617,0.770218228,604,194,0.321138884,24.69433212,6.789859024
58,P,,20.19,,0.37,0.361615432,8,63,111,147,0.196255568,0.755050677,476,147,0.308758664,26.3105261,8.746907102
59,P,,19.77,,0.38,0.370920469,9,61,120,153,0.182629263,0.784262467,732,245,0.334653736,11.26908227,8.59788369
62,P,,21.37,,0.39,0.380188415,10,58,105,140,0.191412825,0.749946432,370,120,0.324236693,8.476937421,2.840658588
65,P,,20.5,,0.4,0.389418342,1,63,119,153,0.188054088,0.777726946,586,205,0.349769664,28.11282512,3.632245221
66,P,,20.34,,0.41,0.398609328,2,60,111,149,0.187494141,0.744916449,574,179,0.311792371,14.23900118,9.105044636
75,P,,5.4,,0.42,0.407760453,3,63,115,150,0.192067315,0.766615559,540,153,0.283280874,25.40320928,8.338467922
76,P,,4.98,,0.43,0.416870802,4,62,115,151,0.189018627,0.761538971,544,140,0.257305642,13.91160222,7.567541838
77,P,,4.95,,0.44,0.425939465,5,63,116,151,0.190903306,0.768161049,532,145,0.272505168,25.35287922,7.021120078
78,P,,4.96,,0.45,0.434965534,6,62,116,150,0.189018627,0.773281781,542,146,0.269323003,27.91678729,9.760235886
79,P,,4.95,,0.46,0.443948107,7,63,116,151,0.190903306,0.768161049,538,147,0.273183423,23.60026805,9.131153821
80,P,,4.98,,0.47,0.452886285,8,62,115,150,0.189596648,0.766615559,550,147,0.267224141,22.51959249,6.550257551
81,P,,4.96,,0.48,0.461779176,9,63,116,151,0.190903306,0.768161049,534,150,0.280846283,18.74300746,9.832010035
82,P,,4.95,,0.49,0.470625888,10,61,116,153,0.184842884,0.758120384,520,144,0.276869833,12.84424104,8.70715945
83,P,,4.95,,0.5,0.479425539,,63,115,150,0.192067315,0.766615559,540,147,0.27217182,29.22404543,8.277663727
84,P,,4.95,,0.51,0.488177247,,63,117,153,0.189183508,0.764655905,526,148,0.281315339,27.50877084,7.845775276
85,P,,4.95,,0.52,0.496880138,,63,116,151,0.190903306,0.768161049,534,147,0.275229358,26.90225156,7.850739275
86,P,,4.98,,0.53,0.505533341,,60,115,152,0.183480628,0.756529176,531,149,0.280549802,27.28059076,2.548467515
87,P,,4.98,,0.54,0.514135992,,63,116,152,0.190326576,0.76310769,531,150,0.282432687,27.48509719,7.361841581
88,P,,4.93,,0.55,0.522687229,,61,115,152,0.18596994,0.756529176,535,148,0.276583816,11.72867562,4.336316507
89,P,,4.95,,0.56,0.531186198,,63,116,151,0.190903306,0.768161049,527,153,0.290267501,25.17145171,5.934778199
90,P,,4.93,,0.57,0.539632049,,62,116,151,0.18844412,0.768161049,555,143,0.257611241,22.33928244,8.77516661
91,P,,4.98,,0.58,0.548023937,,62,116,150,0.189018627,0.773281781,548,142,0.259076811,12.41899683,9.964829084
92,P,,4.93,,0.59,0.556361023,,63,116,151,0.190903306,0.768161049,532,144,0.270625822,23.31321158,3.189756255
93,P,,4.98,,0.6,0.564642473,,61,116,152,0.185404699,0.76310769,526,144,0.273712222,28.11375329,5.940719926
94,P,,4.95,,0.61,0.57286746,,62,115,151,0.189018627,0.761538971,550,139,0.252681331,28.3215759,8.954411053
95,P,,4.96,,0.62,0.581035161,,62,111,148,0.193140401,0.749949328,485,144,0.296846011,22.90739773,7.252874438
96,P,,4.96,,0.63,0.589144758,,62,111,147,0.193743946,0.755050677,490,150,0.306059988,15.98317002,6.056419276
97,P,,4.96,,0.64,0.597195441,,62,112,149,0.191944522,0.751627408,482,152,0.315287285,30.13324446,8.561734459
98,P,,4.98,,0.65,0.605186406,,60,111,149,0.187494141,0.744916449,485,149,0.307153164,5.899289108,9.752291816
99,P,,4.96,,0.66,0.613116852,,62,110,147,0.194351274,0.748248418,493,146,0.296085987,31.44145566,9.643378826
100,P,,5.02,,0.67,0.620985987,,62,111,148,0.193140401,0.749949328,512,160,0.312438977,7.346784839,8.818329373
101,P,,4.96,,0.68,0.628793024,,62,110,146,0.194962423,0.753373057,523,151,0.288663735,26.4634494,6.925103187
102,P,,4.96,,0.69,0.636537182,,62,111,148,0.193140401,0.749949328,502,153,0.304720175,10.74728232,7.687097287
103,P,,5.02,,0.7,0.644217687,,63,111,148,0.195646098,0.749949328,486,145,0.298292532,20.3294469,9.867496174
104,P,,4.98,,0.71,0.651833771,,62,110,146,0.194962423,0.753373057,522,151,0.289216625,16.10117623,3.561937104
105,P,,4.98,,0.72,0.659384672,,62,111,148,0.193140401,0.749949328,501,165,0.329275594,19.63617363,6.827092205
106,P,,4.96,,0.73,0.666869635,,60,111,150,0.186910065,0.73995067,470,159,0.338225909,21.855478,9.432469503
107,P,,4.95,,0.74,0.674287912,,62,111,147,0.193743946,0.755050677,510,146,0.286218389,18.73728384,5.262540587
108,P,,4.93,,0.75,0.68163876,,62,111,148,0.193140401,0.749949328,494,164,0.331916616,29.42686772,5.147589462
109,P,,4.96,,0.76,0.688921445,,62,111,148,0.193140401,0.749949328,510,152,0.297980788,23.15901891,9.244974612
110,P,,4.99,,0.77,0.696135239,,61,111,147,0.191216576,0.755050677,492,124,0.251981305,29.44919551,9.57640118
111,P,,4.99,,0.78,0.703279419,,62,112,148,0.192540604,0.756705628,480,116,0.24161633,29.1791075,9.685752
112,P,,4.99,,0.79,0.710353272,,62,113,149,0.191352119,0.758338367,477,125,0.261999581,21.36676745,7.733358448
113,P,,4.98,,0.8,0.717356091,,62,113,150,0.190763361,0.753283114,475,107,0.225215744,26.28544824,8.625301477
114,P,,4.95,,0.81,0.724287174,,62,112,148,0.192540604,0.756705628,491,127,0.258603136,12.71375564,4.043009836
115,P,,4.98,,0.82,0.73114583,,62,113,149,0.191352119,0.758338367,486,119,0.244805596,23.79378441,9.845231475
116,P,,4.99,,0.83,0.737931371,,62,112,149,0.191944522,0.751627408,485,113,0.232941662,31.38481167,8.141220077
117,P,,4.96,,0.84,0.74464312,,63,113,149,0.19384019,0.758338367,475,126,0.265207325,11.02987317,8.036282675
118,P,,4.98,,0.85,0.751280405,,62,112,148,0.192540604,0.756705628,496,124,0.249949607,25.68914197,8.711865139
119,P,,4.98,,0.86,0.757842563,,62,113,149,0.191352119,0.758338367,491,122,0.24842191,26.24770191,6.2057339
120,P,,4.98,,0.87,0.764328937,,62,111,147,0.193743946,0.755050677,514,123,0.239253064,31.16092357,7.56411062
121,P,,4.99,,0.88,0.770738879,,62,112,148,0.192540604,0.756705628,495,126,0.254494042,7.017993105,9.062512906
122,P,,4.99,,0.89,0.777071748,,62,112,148,0.192540604,0.756705628,480,110,0.229118934,5.94087042,6.324150024
123,P,,4.96,,0.9,0.78332691,,62,112,148,0.192540604,0.756705628,501,111,0.221512672,28.88942814,4.350457872
124,P,,4.99,,0.91,0.78950374,,62,112,147,0.193140401,0.761852935,505,119,0.235596912,18.78350105,3.462404205
125,P,,4.98,,0.92,0.79560162,,62,113,149,0.191352119,0.758338367,485,134,0.276231705,30.26596976,7.833486649
126,P,,4.96,,0.93,0.801619941,,62,112,148,0.192540604,0.756705628,484,129,0.266473869,6.720093985,8.978157517
127,P,,4.99,,0.94,0.8075581,,62,112,148,0.192540604,0.756705628,482,126,0.261356565,22.07785822,5.775464368
128,P,,4.99,,0.95,0.813415505,,60,111,149,0.187494141,0.744916449,478,120,0.250993516,14.42640994,4.238693104
129,P,,4.98,,0.96,0.819191568,,62,112,148,0.192540604,0.756705628,489,121,0.247393171,15.25437662,9.656057783
130,P,,4.98,,0.97,0.824885713,,60,112,150,0.186329617,0.746616892,469,126,0.268599446,29.48330235,5.043364384
131,P,,4.99,,0.98,0.83049737,,60,111,148,0.188081878,0.749949328,485,112,0.230880231,25.18097759,2.917651883
132,P,,4.99,,0.99,0.836025979,,59,109,145,0.18849238,0.751672298,561,175,0.311887364,21.80961254,6.305531359
133,P,,4.96,,1,0.841470985,,60,110,146,0.189867409,0.753373057,550,183,0.332666788,25.01460757,7.426931744
134,P,,4.96,,1.01,0.846831845,,60,109,146,0.190470144,0.746524211,550,179,0.325395383,30.83027711,8.070697795
135,P,,4.98,,1.02,0.852108022,,60,110,146,0.189867409,0.753373057,562,174,0.30955346,24.20080086,8.487935073
136,P,,4.96,,1.03,0.857298989,,59,109,146,0.187892105,0.746524211,561,176,0.313669578,27.1921418,7.128742592
137,P,,4.95,,1.04,0.862404227,,60,110,147,0.189268477,0.748248418,550,178,0.323577531,30.29655607,9.515318479
138,P,,4.96,,1.05,0.867423226,,60,110,146,0.189867409,0.753373057,553,174,0.31459049,13.81605249,5.989844987
139,P,,4.96,,1.06,0.872355482,,60,110,147,0.189268477,0.748248418,559,174,0.311214452,8.716773718,9.088138544
140,P,,4.99,,1.07,0.877200504,,61,111,148,0.190619043,0.749949328,532,171,0.321368164,21.80554327,9.324543562
141,P,,4.96,,1.08,0.881957807,,60,111,147,0.188673312,0.755050677,547,178,0.325351855,14.01195129,9.438258498
142,P,,4.98,,1.09,0.886626914,,60,109,145,0.191076717,0.751672298,569,177,0.311017396,19.4937636,7.193111615
143,P,,4.93,,1.1,0.89120736,,60,109,146,0.190470144,0.746524211,564,177,0.313774154,14.98528666,8.648109937
144,P,,4.98,,1.11,0.895698686,,58,109,147,0.184707493,0.74144616,542,175,0.322818668,3.454434547,6.101200487
145,P,,4.96,,1.12,0.900100442,,60,111,147,0.188673312,0.755050677,546,174,0.318622963,24.48681052,9.19753447
146,P,,4.98,,1.13,0.904412189,,60,110,146,0.189867409,0.753373057,554,175,0.315827468,24.89183419,6.862621338
147,P,,4.96,,1.14,0.908633496,,59,109,147,0.187295641,0.74144616,537,179,0.333271272,29.34088449,8.348317865
148,P,,4.98,,1.15,0.91276394,,60,110,147,0.189268477,0.748248418,555,169,0.304449649,25.26283654,9.890337464
149,P,,4.96,,1.16,0.916803109,,60,110,147,0.189268477,0.748248418,549,171,0.311418685,27.40781271,8.728306321
150,P,,4.93,,1.17,0.920750598,,60,110,147,0.189268477,0.748248418,551,175,0.317546725,26.28908886,6.373213432
151,P,,4.98,,1.18,0.924606012,,58,109,147,0.184707493,0.74144616,543,178,0.327748113,21.2745036,8.258061886
152,P,,4.99,,1.19,0.928368967,,61,110,147,0.191817867,0.748248418,551,177,0.32117583,19.63321898,9.060768964
153,P,,4.96,,1.2,0.932039086,,60,109,145,0.191076717,0.751672298,569,186,0.32683184,3.904157299,9.462406447
154,P,,4.96,,1.21,0.935616002,,60,110,146,0.189867409,0.753373057,561,175,0.311887364,7.723309918,8.60556563
155,P,,4.98,,1.22,0.939099356,,60,110,147,0.189268477,0.748248418,541,174,0.321567178,26.83261417,6.601064459
156,P,,4.96,,1.23,0.942488802,,60,110,147,0.189268477,0.748248418,550,172,0.312670424,29.0980777,9.316867416
157,P,,4.96,,1.24,0.945783999,,61,111,148,0.190619043,0.749949328,541,167,0.308630567,29.57270655,8.790220549
158,P,,4.98,,1.25,0.948984619,,60,110,148,0.188673312,0.743193027,542,172,0.317284634,24.8301363,5.708957335
159,P,,4.98,,1.26,0.952090342,,59,110,147,0.186702952,0.748248418,531,179,0.33703634,23.60719562,7.144401329
160,P,,4.98,,1.27,0.955100856,,60,111,147,0.188673312,0.755050677,535,184,0.343860961,28.25893652,7.670781945
161,P,,4.98,,1.28,0.95801586,,60,110,146,0.189867409,0.753373057,563,167,0.296572545,30.67865778,8.129252017
162,P,,4.93,,1.29,0.960835064,,60,110,146,0.189867409,0.753373057,548,178,0.324758256,10.89668395,9.48799895
163,P,,4.95,,1.3,0.963558185,,60,110,147,0.189268477,0.748248418,550,180,0.327213234,1.689155517,6.577461478
164,P,,4.95,,1.31,0.966184952,,59,110,148,0.186114003,0.743193027,523,181,0.346014146,12.95378877,9.066752523
165,P,,4.98,,1.32,0.9687151,,60,110,147,0.189268477,0.748248418,557,183,0.328486807,28.63152112,7.478863796
166,P,,4.95,,1.33,0.971148378,,60,110,147,0.189268477,0.748248418,551,180,0.326619488,29.6186609,9.740529897
167,P,,4.95,,1.34,0.973484542,,60,110,146,0.189867409,0.753373057,560,174,0.310658811,28.72862063,7.749981511
168,P,,4.98,,1.35,0.975723358,,59,110,148,0.186114003,0.743193027,540,185,0.342529161,22.80323603,8.017671924
169,P,,4.95,,1.36,0.977864602,,60,110,147,0.189268477,0.748248418,543,183,0.33695452,6.745349786,9.92215616
170,P,,4.96,,1.37,0.979908061,,60,110,147,0.189268477,0.748248418,547,178,0.325351855,29.71862382,7.288605291
171,P,,4.96,,1.38,0.98185353,,60,110,147,0.189268477,0.748248418,544,174,0.319794155,14.29139488,8.409877695
172,P,,4.96,,1.39,0.983700815,,60,109,145,0.191076717,0.751672298,573,183,0.319316001,23.16507571,7.803519034
173,P,,4.96,,1.4,0.98544973,,59,110,147,0.186702952,0.748248418,536,168,0.31337437,25.69216198,7.91190185
174,P,,4.95,,1.41,0.987100101,,60,110,146,0.189867409,0.753373057,553,188,0.339902368,23.00260838,6.561873487
175,P,,4.96,,1.42,0.988651763,,60,110,147,0.189268477,0.748248418,562,179,0.318448675,14.29634769,9.172680855
176,P,,4.96,,1.43,0.99010456,,61,111,147,0.191216576,0.755050677,544,175,0.321632053,30.0936027,8.920995009
177,P,,4.96,,1.44,0.991458348,,60,111,148,0.188081878,0.749949328,538,179,0.332651923,15.79684093,9.321251782
178,P,,4.98,,1.45,0.992712991,,59,110,148,0.186114003,0.743193027,520,175,0.336473755,23.10105415,8.351450239
179,P,,4.98,,1.46,0.993868363,,60,110,146,0.189867409,0.753373057,562,171,0.304216332,5.771980602,7.121903504
180,P,,4.98,,1.47,0.99492435,,60,110,146,0.189867409,0.753373057,559,168,0.300482919,2.522412438,4.563929803
181,P,,4.96,,1.48,0.995880845,,59,110,148,0.186114003,0.743193027,539,178,0.33017993,26.27088743,8.029838907
182,P,,4.96,,1.49,0.996737752,,60,110,147,0.189268477,0.748248418,552,178,0.322405361,18.1192757,9.387799542
183,P,,4.98,,1.5,0.997494987,,60,109,146,0.190470144,0.746524211,567,180,0.317404338,27.1705742,9.583697287
184,P,,4.96,,1.51,0.998152472,,61,112,149,0.189435111,0.751627408,522,177,0.339015514,18.6333762,8.794887098
185,P,,5.01,,1.52,0.998710144,,60,110,147,0.189268477,0.748248418,563,180,0.31965903,30.80806154,8.249559648
186,P,,4.96,,1.53,0.999167945,,60,110,147,0.189268477,0.748248418,550,169,0.30721687,26.6410102,8.884428145
187,P,,4.99,,1.54,0.999525831,,60,111,148,0.188081878,0.749949328,548,172,0.313811348,26.06668284,6.98606276
188,P,,4.98,,1.55,0.999783764,,60,110,147,0.189268477,0.748248418,556,170,0.305700414,3.862307519,9.230469438
189,P,,4.95,,1.56,0.99994172,,60,110,147,0.189268477,0.748248418,545,173,0.317372959,9.632899982,3.900822442
190,P,,4.93,,1.57,0.999999683,,61,111,147,0.191216576,0.755050677,540,167,0.309202,23.18863898,6.263768661
191,P,,4.98,,1.58,0.999957646,,60,110,147,0.189268477,0.748248418,553,172,0.310974507,21.22773406,9.73960034
192,P,,4.96,,1.59,0.999815615,,60,110,147,0.189268477,0.748248418,547,169,0.308901481,20.08604479,5.918991464
193,P,,4.93,,1.6,0.999573603,,60,110,147,0.189268477,0.748248418,560,184,0.328512766,22.90873393,9.406181211
194,P,,4.96,,1.61,0.999231634,,60,110,146,0.189867409,0.753373057,558,176,0.315355671,28.17822253,8.505411529
195,P,,5.01,,1.62,0.998789743,,61,110,147,0.191817867,0.748248418,553,180,0.325438438,31.51312027,5.53335839
196,P,,4.98,,1.63,0.998247974,,60,110,147,0.189268477,0.748248418,548,174,0.317460317,12.80698148,7.330308541
197,P,,4.96,,1.64,0.997606381,,60,111,147,0.188673312,0.755050677,547,179,0.327179675,29.42295613,8.162885369
198,P,,4.95,,1.65,0.996865028,,59,109,146,0.187892105,0.746524211,548,189,0.344827586,20.51367677,3.082922227
199,P,,4.96,,1.66,0.99602399,,60,110,147,0.189268477,0.748248418,555,180,0.324265898,30.10605902,9.765535751
200,P,,4.98,,1.67,0.99508335,,60,110,147,0.189268477,0.748248418,549,178,0.324166818,1.526966272,5.919181577
201,P,,4.98,,1.68,0.994043202,,60,110,147,0.189268477,0.748248418,556,170,0.305700414,16.23692971,2.552038182
202,P,,4.95,,1.69,0.992903651,,60,111,147,0.188673312,0.755050677,547,174,0.318040578,22.60846692,6.39917202
203,P,,4.96,,1.7,0.99166481,,60,110,145,0.190470144,0.758568375,571,186,0.32568727,30.74537479,9.119323828
204,P,,4.98,,1.71,0.990326804,,60,110,147,0.189268477,0.748248418,554,175,0.315827468,16.44468817,5.417446813
205,P,,4.98,,1.72,0.988889766,,60,110,147,0.189268477,0.748248418,555,172,0.30985408,20.74027457,8.764697613
206,P,,4.96,,1.73,0.98735384,,59,110,148,0.186114003,0.743193027,522,178,0.340930856,17.13644522,6.81104579
207,P,,4.98,,1.74,0.985719179,,60,109,146,0.190470144,0.746524211,570,175,0.306963691,26.04754636,5.650736051
208,P,,4.96,,1.75,0.983985947,,58,110,148,0.183538496,0.743193027,539,173,0.320905212,24.46207349,5.648551009
209,P,,4.95,,1.76,0.982154317,,60,110,147,0.189268477,0.748248418,543,164,0.301970171,16.33295817,9.774336605
210,P,,4.96,,1.77,0.980224473,,60,109,146,0.190470144,0.746524211,565,177,0.313218899,25.54946487,7.538181223
211,P,,4.98,,1.78,0.978196607,,61,111,148,0.190619043,0.749949328,535,180,0.336385722,20.84278015,8.673349049
212,P,,4.98,,1.79,0.976070922,,59,109,147,0.187295641,0.74144616,546,168,0.307635964,17.1596114,2.539042838
213,P,,4.99,,1.8,0.973847631,,60,111,148,0.188081878,0.749949328,538,176,0.327076752,19.31021876,9.072651924
214,P,,4.98,,1.81,0.971526956,,60,110,147,0.189268477,0.748248418,556,183,0.329077504,7.730926132,7.955418882
215,P,,4.99,,1.82,0.969109129,,60,110,146,0.189867409,0.753373057,550,169,0.30721687,31.38617228,1.67559893
216,P,,4.98,,1.83,0.966594392,,60,111,147,0.188673312,0.755050677,552,184,0.333272958,18.23218468,8.771844543
217,P,,4.98,,1.84,0.963982996,,60,110,147,0.189268477,0.748248418,551,166,0.30121575,19.66289539,6.641289536
218,P,,4.98,,1.85,0.961275203,,58,109,147,0.184707493,0.74144616,554,180,0.32485111,29.40623357,6.765135397
219,P,,4.95,,1.86,0.958471283,,60,110,147,0.189268477,0.748248418,546,177,0.324116462,16.27165569,5.217647472
220,P,,4.95,,1.87,0.955571517,,59,109,147,0.187295641,0.74144616,540,179,0.331420107,28.56340132,9.293480521
221,P,,4.96,,1.88,0.952576194,,59,110,147,0.186702952,0.748248418,543,169,0.311176579,14.61703448,9.042354076
222,P,,4.98,,1.89,0.949485615,,60,110,146,0.189867409,0.753373057,568,178,0.313325119,15.65771645,6.52462426
223,P,,4.98,,1.9,0.946300088,,61,110,147,0.191817867,0.748248418,542,183,0.337576093,19.58452066,9.675706563
224,P,,4.98,,1.91,0.943019931,,60,110,146,0.189867409,0.753373057,559,177,0.316580218,12.01978493,7.114018553
225,P,,4.98,,1.92,0.939645474,,60,110,147,0.189268477,0.748248418,555,176,0.317059989,23.68258949,9.505494335
226,P,,4.96,,1.93,0.936177052,,60,110,147,0.189268477,0.748248418,552,178,0.322405361,26.86977264,7.405821148
227,P,,4.96,,1.94,0.932615014,,60,110,146,0.189867409,0.753373057,553,176,0.318206473,22.49759297,8.975832004
228,P,,4.96,,1.95,0.928959715,,60,110,147,0.189268477,0.748248418,547,184,0.336318772,20.83779575,8.767876892
229,P,,4.98,,1.96,0.925211521,,60,110,146,0.189867409,0.753373057,555,169,0.304449649,11.6035402,5.228341645
230,P,,4.96,,1.97,0.921370806,,60,110,146,0.189867409,0.753373057,555,173,0.311655558,28.19355133,7.448186162
231,P,,4.99,,1.98,0.917437955,,60,110,146,0.189867409,0.753373057,557,181,0.324896787,18.67204554,8.353046262
232,P,,4.98,,1.99,0.913413361,,59,110,149,0.185528757,0.73820549,527,172,0.326313792,27.17058361,9.136814199
233,P,,4.95,,2,0.909297427,,59,110,148,0.186114003,0.743193027,519,181,0.348680408,25.15924631,8.40625506
234,P,,4.95,,2.01,0.905090563,,60,110,146,0.189867409,0.753373057,564,183,0.324410566,22.45828254,9.474136987
235,P,,4.98,,2.02,0.900793192,,58,109,148,0.184121139,0.736436727,541,186,0.343744225,25.0446015,9.731174301
236,P,,4.95,,2.03,0.896405741,,60,110,147,0.189268477,0.748248418,554,167,0.301389641,22.17433005,7.591091078
237,P,,4.96,,2.04,0.891928651,,60,110,147,0.189268477,0.748248418,561,180,0.320798432,27.94004763,8.261452701
238,P,,4.98,,2.05,0.887362369,,60,110,147,0.189268477,0.748248418,555,171,0.308052603,23.62320511,5.71946023
239,P,,4.98,,2.06,0.882707351,,60,111,148,0.188081878,0.749949328,537,176,0.32768572,18.00523563,2.818236854
240,P,,4.96,,2.07,0.877964063,,60,111,147,0.188673312,0.755050677,553,178,0.321822455,12.73789872,8.396412167
241,P,,4.98,,2.08,0.87313298,,60,110,147,0.189268477,0.748248418,554,174,0.31402274,23.70543307,7.237472478
242,P,,4.98,,2.09,0.868214583,,60,111,147,0.188673312,0.755050677,544,177,0.325307848,29.81571307,8.775529897
243,P,,4.98,,2.1,0.863209367,,59,109,147,0.187295641,0.74144616,554,171,0.308608554,14.87118208,3.251696066
244,P,,4.99,,2.11,0.85811783,,61,111,147,0.191216576,0.755050677,551,183,0.332063146,26.15988541,5.659438926
245,P,,5.01,,2.12,0.852940482,,60,110,147,0.189268477,0.748248418,555,177,0.318861466,11.28306986,1.725726725
246,P,,4.98,,2.13,0.84767784,,59,110,149,0.185528757,0.73820549,519,173,0.33326912,8.692054589,5.871112228
247,P,,4.96,,2.14,0.842330432,,60,111,148,0.188081878,0.749949328,558,163,0.292062354,28.31171243,9.709186081
248,P,,4.99,,2.15,0.836898791,,59,110,149,0.185528757,0.73820549,535,173,0.323304055,25.78918324,8.977188551
249,P,,4.96,,2.16,0.831383461,,60,110,147,0.189268477,0.748248418,553,179,0.323630447,19.81729435,6.308428504
250,P,,4.99,,2.17,0.825784993,,60,110,147,0.189268477,0.748248418,553,181,0.327246429,26.27997064,9.59673045
251,P,,4.96,,2.18,0.820103948,,60,110,146,0.189867409,0.753373057,560,175,0.312444206,26.90213216,7.173646669
252,P,,4.98,,2.19,0.814340892,,60,110,147,0.189268477,0.748248418,562,181,0.32200676,9.186157418,7.653942229
253,P,,4.98,,2.2,0.808496404,,60,110,147,0.189268477,0.748248418,552,182,0.329650426,26.19395837,5.796179909
254,P,,4.93,,2.21,0.802571066,,60,110,146,0.189867409,0.753373057,566,182,0.321497969,28.31227532,8.350248797
255,P,,4.99,,2.22,0.796565472,,60,111,148,0.188081878,0.749949328,533,178,0.33389608,27.77843359,6.544101954
256,P,,4.98,,2.23,0.790480222,,60,109,146,0.190470144,0.746524211,560,170,0.303517229,23.11510183,7.621462244
257,P,,4.98,,2.24,0.784315925,,60,111,147,0.188673312,0.755050677,543,189,0.34800221,16.45717337,8.294755458
258,P,,4.96,,2.25,0.778073197,,60,110,147,0.189268477,0.748248418,553,178,0.321822455,30.54982142,9.077308283
259,P,,4.98,,2.26,0.771752662,,59,110,148,0.186114003,0.743193027,531,178,0.335153455,23.22404102,5.826110098
260,P,,4.96,,2.27,0.765354953,,60,110,147,0.189268477,0.748248418,556,177,0.318288078,4.313035977,8.818686405
261,P,,4.98,,2.28,0.758880708,,60,111,148,0.188081878,0.749949328,543,178,0.327748113,14.67696942,6.753543484
262,P,,4.96,,2.29,0.752330576,,59,111,149,0.18494718,0.744916449,527,176,0.333902485,25.9137726,9.457773442
263,P,,4.96,,2.3,0.745705212,,60,110,147,0.189268477,0.748248418,559,184,0.32910034,19.11928437,7.912457447
264,P,,4.99,,2.31,0.739005278,,59,110,148,0.186114003,0.743193027,536,174,0.324566312,23.32858236,9.753596288
265,P,,5.01,,2.32,0.732231444,,60,110,147,0.189268477,0.748248418,547,172,0.314384939,12.67276536,9.619479694
266,P,,4.98,,2.33,0.725384387,,60,110,146,0.189867409,0.753373057,561,183,0.326145072,19.04538604,9.652142187
267,P,,4.95,,2.34,0.718464793,,59,110,148,0.186114003,0.743193027,529,171,0.323190323,13.33994447,9.579845438
268,P,,4.95,,2.35,0.711473353,,60,110,146,0.189867409,0.753373057,564,191,0.338592448,30.74040463,1.565301739
269,P,,4.98,,2.36,0.704410766,,59,110,147,0.186702952,0.748248418,536,175,0.326431636,28.65630681,9.258182806
270,P,,4.96,,2.37,0.697277738,,61,111,148,0.190619043,0.749949328,542,164,0.302527209,1.003509807,9.036046697
271,P,,4.96,,2.38,0.690074984,,60,110,147,0.189268477,0.748248418,559,180,0.321945985,27.42132669,1.529451423
272,P,,4.95,,2.39,0.682803222,,59,109,147,0.187295641,0.74144616,544,172,0.316118361,27.688978,5.75086457
273,P,,4.96,,2.4,0.675463181,,60,110,147,0.189268477,0.748248418,559,182,0.325523162,12.55387217,8.590425116
274,P,,4.96,,2.41,0.668055593,,60,111,148,0.188081878,0.749949328,545,176,0.322876536,27.51163384,6.281683449
275,P,,4.93,,2.42,0.660581201,,60,110,147,0.189268477,0.748248418,562,187,0.332681018,30.04497916,8.298354254
276,P,,4.98,,2.43,0.653040752,,60,110,148,0.188673312,0.743193027,553,172,0.310974507,28.45740318,8.155104196
277,P,,4.95,,2.44,0.645434998,,60,110,147,0.189268477,0.748248418,547,174,0.318040578,8.231336676,9.894681222
278,P,,4.98,,2.45,0.637764702,,60,111,148,0.188081878,0.749949328,548,181,0.33023171,12.38363113,5.627686068
279,P,,4.95,,2.46,0.63003063,,59,110,148,0.186114003,0.743193027,532,171,0.321368164,29.28017078,2.488202345
280,P,,5.02,,2.47,0.622233555,,60,110,147,0.189268477,0.748248418,560,182,0.324941975,12.37457748,3.925767819
281,P,,4.96,,2.48,0.614374258,,60,110,147,0.189268477,0.748248418,559,181,0.323734573,15.71716448,8.951394446
282,P,,4.95,,2.49,0.606453523,,60,109,146,0.190470144,0.746524211,579,176,0.303919876,8.017267898,9.095116652
283,P,,4.98,,2.5,0.598472144,,58,109,147,0.184707493,0.74144616,549,178,0.324166818,14.31517359,4.611647564
284,P,,4.98,,2.51,0.590430918,,60,110,148,0.188673312,0.743193027,555,167,0.300846694,26.76365092,8.201695704
285,P,,4.99,,2.52,0.58233065,,60,110,146,0.189867409,0.753373057,559,172,0.307637274,27.73593118,9.243178646
286,P,,4.96,,2.53,0.574172148,,60,109,147,0.189867409,0.74144616,569,174,0.305745915,4.72538114,6.117390929
287,P,,4.98,,2.54,0.56595623,,60,110,147,0.189268477,0.748248418,561,172,0.306540724,30.28553867,7.174405313
288,P,,4.98,,2.55,0.557683717,,60,110,147,0.189268477,0.748248418,557,177,0.317716747,15.20337742,9.937312107
289,P,,4.98,,2.56,0.549355436,,60,110,147,0.189268477,0.748248418,563,179,0.317883147,15.6179001,8.98264461
290,P,,4.96,,2.57,0.54097222,,60,110,147,0.189268477,0.748248418,561,183,0.326145072,9.810981685,8.823157518
291,P,,4.95,,2.58,0.532534908,,60,110,147,0.189268477,0.748248418,557,171,0.306946688,28.99087137,8.234685564
292,P,,5.01,,2.59,0.524044342,,60,111,147,0.188673312,0.755050677,561,175,0.311887364,30.29839668,5.392628704
293,P,,4.99,,2.6,0.515501372,,60,111,148,0.188081878,0.749949328,537,171,0.318376466,30.90990366,9.563676854
294,P,,4.96,,2.61,0.506906852,,60,110,146,0.189867409,0.753373057,574,174,0.303083087,16.01125032,5.65413285
295,P,,4.95,,2.62,0.498261642,,60,110,146,0.189867409,0.753373057,582,179,0.307507301,24.58744498,8.289351602
296,P,,4.93,,2.63,0.489566607,,60,111,148,0.188081878,0.749949328,546,176,0.322285296,18.66694013,5.511793474
297,P,,4.98,,2.64,0.480822615,,60,109,146,0.190470144,0.746524211,561,174,0.310105151,15.33978676,6.396246256
298,P,,4.96,,2.65,0.472030541,,60,110,147,0.189268477,0.748248418,553,177,0.320014464,22.62406701,5.876188279
299,P,,4.96,,2.66,0.463191265,,60,109,146,0.190470144,0.746524211,567,180,0.317404338,8.191115573,6.626676596
300,P,,4.98,,2.67,0.45430567,,60,110,147,0.189268477,0.748248418,565,178,0.314988498,29.36719515,9.818590803
301,P,,4.98,,2.68,0.445374645,,58,109,148,0.184121139,0.736436727,541,183,0.338199963,12.86530387,9.388159819
302,P,,4.93,,2.69,0.436399082,,59,109,147,0.187295641,0.74144616,540,180,0.333271616,14.41078265,7.100108526
303,P,,4.99,,2.7,0.42737988,,60,110,146,0.189867409,0.753373057,567,178,0.313877623,30.89556355,5.230641795
304,P,,4.95,,2.71,0.418317941,,60,110,146,0.189867409,0.753373057,570,186,0.326258551,23.85805347,9.847842036
305,P,,4.93,,2.72,0.40921417,,60,110,148,0.188673312,0.743193027,541,185,0.341896137,5.989170676,8.928948027
306,P,,4.98,,2.73,0.400069478,,60,110,147,0.189268477,0.748248418,554,163,0.294170727,28.04063009,4.001401312
307,P,,4.98,,2.74,0.390884779,,60,110,146,0.189867409,0.753373057,571,161,0.281912099,24.82954228,9.466877258
308,P,,4.98,,2.75,0.381660992,,60,110,147,0.189268477,0.748248418,563,168,0.298348428,26.95439662,8.80169093
309,P,,4.95,,2.76,0.372399039,,60,110,147,0.189268477,0.748248418,557,161,0.288996589,23.00660115,5.580588479
310,P,,4.98,,2.77,0.363099847,,60,110,147,0.189268477,0.748248418,557,174,0.312331718,31.20868351,5.522830477
311,P,,4.98,,2.78,0.353764345,,60,111,147,0.188673312,0.755050677,557,169,0.303356668,30.23522333,9.705335459
312,P,,4.98,,2.79,0.344393467,,60,110,147,0.189268477,0.748248418,555,168,0.302648172,31.07341057,8.125193606
313,P,,4.98,,2.8,0.33498815,,60,110,147,0.189268477,0.748248418,549,174,0.316882171,26.73493374,8.557399287
314,P,,4.98,,2.81,0.325549335,,60,110,147,0.189268477,0.748248418,560,181,0.323156579,28.57838835,9.150585227
315,P,,4.91,,2.82,0.316077964,,59,110,148,0.186114003,0.743193027,539,166,0.307920608,20.34321109,9.780325665
316,P,,4.98,,2.83,0.306574986,,60,111,149,0.187494141,0.744916449,539,183,0.339454647,24.53795684,4.958401727
317,P,,4.98,,2.84,0.297041351,,60,110,147,0.189268477,0.748248418,553,172,0.310974507,9.360137538,4.975351405
318,P,,4.98,,2.85,0.287478012,,59,109,148,0.186702952,0.736436727,534,173,0.32390938,20.23065004,5.213728643
319,P,,4.95,,2.86,0.277885926,,60,110,147,0.189268477,0.748248418,560,190,0.339225138,28.8180806,4.873002413
320,P,,4.98,,2.87,0.268266051,,60,110,146,0.189867409,0.753373057,569,172,0.302231594,17.21119908,4.104170317
321,P,,4.95,,2.88,0.25861935,,60,110,147,0.189268477,0.748248418,545,174,0.319207485,20.53096324,8.032841221
322,P,,4.91,,2.89,0.248946787,,60,110,146,0.189867409,0.753373057,561,188,0.33505614,25.52425179,8.363914692
323,P,,4.98,,2.9,0.239249329,,60,110,148,0.188673312,0.743193027,551,165,0.299401198,28.12974317,9.875858054
324,P,,4.98,,2.91,0.229527947,,60,110,147,0.189268477,0.748248418,551,184,0.333877699,18.32187279,9.564650961
325,P,,4.93,,2.92,0.219783612,,60,110,147,0.189268477,0.748248418,555,175,0.315258512,10.07632996,8.37099149
326,P,,4.93,,2.93,0.210017299,,60,110,148,0.188673312,0.743193027,555,179,0.322464421,15.82606984,9.661057386
327,P,,4.98,,2.94,0.200229985,,60,110,147,0.189268477,0.748248418,542,168,0.309905921,17.10482482,1.968659143
328,P,,4.95,,2.95,0.190422647,,60,110,147,0.189268477,0.748248418,538,169,0.314068017,7.989109853,7.909556839
329,P,,4.91,,2.96,0.180596268,,60,110,147,0.189268477,0.748248418,552,180,0.326027893,26.78759578,9.960598748
330,P,,4.96,,2.97,0.170751829,,60,110,148,0.188673312,0.743193027,554,181,0.326655838,9.969055246,9.138634693
331,P,,4.99,,2.98,0.160890315,,60,110,147,0.189268477,0.748248418,565,168,0.297292515,27.73525157,8.067434132
332,P,,4.98,,2.99,0.151012712,,60,110,147,0.189268477,0.748248418,554,180,0.32485111,23.26755831,9.868011925
333,P,,4.96,,3,0.141120008,,61,111,148,0.190619043,0.749949328,543,180,0.331430676,30.41549381,7.897344483
334,P,,4.98,,3.01,0.131213192,,60,110,147,0.189268477,0.748248418,557,176,0.315921738,26.49014605,9.665652182
335,P,,4.95,,3.02,0.121293255,,60,110,147,0.189268477,0.748248418,554,180,0.32485111,25.46065607,3.331382946
336,P,,4.96,,3.03,0.111361189,,59,110,149,0.185528757,0.73820549,521,176,0.337747073,25.97116273,8.166103457
337,P,,4.95,,3.04,0.101417986,,60,109,147,0.189867409,0.74144616,565,170,0.300831711,30.13349023,9.80683812
338,P,,4.96,,3.05,0.091464642,,60,110,147,0.189268477,0.748248418,552,183,0.331461692,16.37915904,9.865807299
339,P,,4.98,,3.06,0.081502152,,60,111,147,0.188673312,0.755050677,545,175,0.321042011,27.99304748,7.706683048
340,P,,4.96,,3.07,0.071531511,,60,110,147,0.189268477,0.748248418,558,174,0.311772084,18.87618114,8.51151367
341,P,,4.96,,3.08,0.061553717,,60,110,147,0.189268477,0.748248418,559,179,0.320157396,15.99527181,7.443616036
342,P,,4.93,,3.09,0.051569768,,59,110,148,0.186114003,0.743193027,539,182,0.337599703,15.5487187,7.394737693
343,P,,4.98,,3.1,0.041580662,,59,109,147,0.187295641,0.74144616,528,168,0.318121568,7.170849522,8.908105519
344,P,,5.01,,3.11,0.031587398,,60,110,147,0.189268477,0.748248418,548,177,0.322933771,13.67221536,8.150480409
345,P,,4.99,,3.12,0.021590976,,60,110,147,0.189268477,0.748248418,561,188,0.33505614,8.745895842,6.563767705
346,P,,4.98,,3.13,0.011592394,,59,109,148,0.186702952,0.736436727,541,172,0.317871004,28.06987293,8.313842212
347,P,,4.98,,3.14,0.001592653,,60,110,147,0.189268477,0.748248418,557,188,0.337461856,13.95339368,9.622086464
348,P,,4.95,,3.15,-0.008407247,,60,111,148,0.188081878,0.749949328,560,165,0.294590252,30.20015349,8.872455114
349,P,,4.99,,3.16,-0.018406307,,60,109,146,0.190470144,0.746524211,567,176,0.310350908,29.5612339,9.957192247
350,P,,4.95,,3.17,-0.028403526,,60,109,147,0.189867409,0.74144616,570,169,0.296439221,22.74842774,9.295485329
351,P,,4.96,,3.18,-0.038397905,,60,109,146,0.190470144,0.746524211,565,175,0.309679703,11.50731158,9.126376174
352,P,,4.96,,3.19,-0.048388443,,59,109,147,0.187295641,0.74144616,544,177,0.325307848,11.95835081,4.558251412
353,P,,4.98,,3.2,-0.058374143,,60,110,147,0.189268477,0.748248418,560,174,0.310658811,26.40289963,4.036842617
354,P,,4.95,,3.21,-0.068354006,,60,110,148,0.188673312,0.743193027,533,184,0.345151004,13.05984836,9.879887135
355,P,,4.98,,3.22,-0.078327033,,60,110,147,0.189268477,0.748248418,551,178,0.322990383,26.711927,9.817269952
356,P,,4.98,,3.23,-0.088292228,,60,111,148,0.188081878,0.749949328,551,180,0.326619488,22.94306718,7.455452879
357,P,,4.96,,3.24,-0.098248594,,60,110,147,0.189268477,0.748248418,551,171,0.310288514,27.31462235,8.842183069
358,P,,4.96,,3.25,-0.108195135,,60,111,148,0.188081878,0.749949328,542,170,0.313595278,20.74228777,7.490153121
359,P,,4.96,,3.26,-0.118130856,,60,111,148,0.188081878,0.749949328,557,175,0.314126728,10.1382623,5.299406175
360,P,,4.95,,3.27,-0.128054764,,60,110,147,0.189268477,0.748248418,553,191,0.345326342,19.97362073,9.401201824
361,P,,4.95,,3.28,-0.137965867,,60,110,147,0.189268477,0.748248418,563,185,0.328538448,20.39742986,9.624179951
362,P,,4.95,,3.29,-0.147863174,,60,110,147,0.189268477,0.748248418,561,178,0.317234005,17.87220084,6.660241907
363,P,,4.96,,3.3,-0.157745694,,60,110,147,0.189268477,0.748248418,556,166,0.298507463,17.88883302,9.923132932
364,P,,4.98,,3.31,-0.16761244,,60,110,147,0.189268477,0.748248418,559,172,0.307637274,22.14607508,9.85215961
365,P,,4.96,,3.32,-0.177462425,,60,110,147,0.189268477,0.748248418,562,177,0.314890589,30.03214614,9.595436355
366,P,,4.99,,3.33,-0.187294664,,60,110,147,0.189268477,0.748248418,562,182,0.323785803,30.27409299,7.55092031
367,P,,4.96,,3.34,-0.197108173,,60,110,147,0.189268477,0.748248418,566,174,0.30736619,23.06958833,4.102740692
368,P,,4.98,,3.35,-0.206901972,,60,110,146,0.189867409,0.753373057,562,170,0.302437289,14.2312204,4.701569368
369,P,,4.98,,3.36,-0.21667508,,59,110,148,0.186114003,0.743193027,526,177,0.33643794,7.475424606,7.71465977
370,P,,4.98,,3.37,-0.226426522,,60,110,147,0.189268477,0.748248418,555,177,0.318861466,19.50019896,7.586707646
371,P,,4.96,,3.38,-0.236155321,,60,110,147,0.189268477,0.748248418,552,189,0.342329288,19.88786417,8.064038117
372,P,,4.96,,3.39,-0.245860504,,60,110,147,0.189268477,0.748248418,559,178,0.318368807,7.247644145,8.505496101
373,P,,4.96,,3.4,-0.255541102,,59,111,149,0.18494718,0.744916449,522,178,0.340930856,8.339093295,8.456328595
374,P,,4.96,,3.41,-0.265196146,,60,109,147,0.189867409,0.74144616,559,170,0.304060097,30.0232938,7.188632384
375,P,,4.96,,3.42,-0.27482467,,59,110,149,0.185528757,0.73820549,535,182,0.340123341,18.6893175,6.204235128
376,P,,4.96,,3.43,-0.284425713,,60,110,147,0.189268477,0.748248418,562,181,0.32200676,29.09796687,6.728867353
377,P,,4.98,,3.44,-0.293998312,,59,110,149,0.185528757,0.73820549,522,178,0.340930856,28.04586049,6.535145261
378,P,,4.98,,3.45,-0.303541513,,61,116,147,0.188265794,0.789061969,543,162,0.298287608,23.16813326,3.947421779
379,P,,5.04,,3.46,-0.313054359,,61,116,147,0.188265794,0.789061969,535,170,0.317697627,22.26081439,7.668314231
380,P,,4.96,,3.47,-0.3225359,,62,117,148,0.189596648,0.790487129,523,171,0.326897343,19.21293822,8.946740643
381,P,,4.98,,3.48,-0.331985188,,60,115,148,0.185752763,0.776974529,530,172,0.324467082,22.81359506,9.59324807
382,P,,4.98,,3.49,-0.341401278,,62,116,147,0.190763361,0.789061969,536,158,0.294721134,4.212551978,5.20663687
383,P,,4.98,,3.5,-0.350783228,,62,116,148,0.190178215,0.783730829,522,167,0.319862095,24.49604018,7.930566317
384,P,,4.98,,3.51,-0.360130099,,62,117,148,0.189596648,0.790487129,530,183,0.345217883,4.44674493,9.992890371
385,P,,4.96,,3.52,-0.369440959,,62,116,147,0.190763361,0.789061969,542,155,0.285925106,28.00166441,5.913976965
386,P,,4.96,,3.53,-0.378714874,,62,116,147,0.190763361,0.789061969,528,167,0.316227987,21.89513416,4.94290713
387,P,,4.98,,3.54,-0.387950918,,62,116,147,0.190763361,0.789061969,535,168,0.313960007,26.42294477,5.680988892
388,P,,4.98,,3.55,-0.397148167,,60,116,149,0.184609704,0.778471244,509,167,0.328029857,23.92126635,8.298787089
389,P,,4.93,,3.56,-0.406305702,,60,116,149,0.184609704,0.778471244,514,173,0.336510407,13.1253241,2.992725423
390,P,,4.99,,3.57,-0.415422607,,62,117,148,0.189596648,0.790487129,540,178,0.329568598,31.07431986,8.028050503
391,P,,4.98,,3.58,-0.424497969,,62,117,148,0.189596648,0.790487129,544,173,0.317956258,30.02824959,9.224092032
392,P,,4.95,,3.59,-0.433530883,,62,117,149,0.189018627,0.785182203,520,167,0.321092098,23.34879106,4.555463785
393,P,,4.93,,3.6,-0.442520443,,62,118,149,0.18844412,0.791893162,527,173,0.328210966,28.11883951,9.462502198
394,P,,4.95,,3.61,-0.451465752,,60,117,150,0.183480628,0.779948003,499,167,0.334602284,30.26516181,9.214966547
395,P,,4.99,,3.62,-0.460365915,,62,117,148,0.189596648,0.790487129,530,159,0.299943407,26.40371124,9.412841866
396,P,,5.01,,3.63,-0.469220041,,62,117,148,0.189596648,0.790487129,527,163,0.309239234,21.73791275,5.772772577
397,P,,4.96,,3.64,-0.478027246,,62,117,149,0.189018627,0.785182203,528,171,0.32380231,12.22269724,9.902085867
398,P,,4.98,,3.65,-0.486786649,,60,115,148,0.185752763,0.776974529,523,167,0.319250621,31.18791512,5.039671092
399,P,,4.98,,3.66,-0.495497373,,62,117,147,0.190178215,0.795864227,542,166,0.306216565,18.10105615,5.652625035
400,P,,4.96,,3.67,-0.504158548,,62,117,148,0.189596648,0.790487129,529,161,0.304290304,30.53124271,4.196172054
401,P,,4.96,,3.68,-0.512769307,,62,116,147,0.190763361,0.789061969,544,171,0.314280463,29.26534506,9.856278989
402,P,,4.96,,3.69,-0.52132879,,62,116,148,0.190178215,0.783730829,531,171,0.321973263,28.00085189,9.19960643
403,P,,4.98,,3.7,-0.529836141,,62,116,148,0.190178215,0.783730829,537,171,0.318376466,15.0808236,4.822713457
404,P,,4.96,,3.71,-0.538290508,,62,117,149,0.189018627,0.785182203,522,159,0.30453936,20.53907521,8.332984122
406,P,,17.5,,3.72,-0.546691047,,59,109,147,0.187295641,0.74144616,561,185,0.329709499,31.24578558,3.027067665
409,P,,23.43,,3.73,-0.555036917,,60,108,145,0.191687167,0.744776222,586,182,0.310527214,8.132561282,7.896624278
410,P,,26.46,,3.74,-0.563327284,,59,110,149,0.185528757,0.73820549,611,193,0.315823924,12.81225419,9.206784932
411,P,,4.81,,3.75,-0.571561319,,59,108,146,0.18849238,0.739675365,466,159,0.341128513,19.14370897,7.337942882
412,P,,4.66,,3.76,-0.579738198,,58,106,146,0.187090739,0.725977673,466,167,0.358292212,31.46021196,4.644167841
413,P,,4.63,,3.77,-0.587857103,,58,105,144,0.188918928,0.729116034,507,159,0.313547624,28.66753617,6.464960146
414,P,,4.65,,3.78,-0.595917224,,59,107,145,0.189704511,0.737880146,483,169,0.349824053,27.99245108,7.265595204
415,P,,4.66,,3.79,-0.603917753,,58,107,147,0.185891478,0.727841643,448,163,0.36375809,23.4159578,7.58394906
416,P,,4.62,,3.8,-0.611857891,,59,106,143,0.191552222,0.741206909,514,161,0.313168644,7.334954641,9.436309711
417,P,,4.63,,3.81,-0.619736844,,59,106,145,0.190316441,0.73098407,496,151,0.304374118,22.84010906,7.894220994
418,P,,4.65,,3.82,-0.627553823,,59,107,146,0.189096503,0.732826519,479,158,0.329785014,31.50820545,5.434050353
419,P,,4.68,,3.83,-0.635308048,,59,107,146,0.189096503,0.732826519,486,155,0.318864431,30.87418846,9.453859995
420,P,,4.63,,3.84,-0.642998742,,59,107,145,0.189704511,0.737880146,483,157,0.324984475,26.26063036,6.819076482
421,P,,4.65,,3.85,-0.650625137,,59,107,146,0.189096503,0.732826519,485,166,0.342197485,12.68594471,9.83746028
422,P,,4.65,,3.86,-0.65818647,,59,107,146,0.189096503,0.732826519,491,153,0.31154551,21.43298946,9.116665258
423,P,,4.63,,3.87,-0.665681985,,59,106,145,0.190316441,0.73098407,484,151,0.311919025,25.22613928,4.107879308
424,P,,4.65,,3.88,-0.673110932,,58,107,147,0.185891478,0.727841643,454,156,0.343536666,26.79868346,7.556645686
425,P,,4.67,,3.89,-0.680472569,,59,106,145,0.190316441,0.73098407,486,159,0.327093191,19.53322162,7.513327739
426,P,,4.65,,3.9,-0.687766159,,57,105,145,0.185661705,0.724087994,478,165,0.345116085,12.61053646,5.142201696
427,P,,4.65,,3.91,-0.694990973,,59,107,145,0.189704511,0.737880146,491,155,0.315618,10.27513784,8.169398265
428,P,,4.65,,3.92,-0.702146289,,59,106,146,0.189704511,0.725977673,488,152,0.311411596,11.25566005,6.706340605
429,P,,4.63,,3.93,-0.70923139,,59,107,146,0.189096503,0.732826519,478,153,0.320016733,7.824802298,8.441193953
430,P,,4.66,,3.94,-0.716245569,,59,106,145,0.190316441,0.73098407,492,162,0.329201382,10.87747225,6.837616069
431,P,,4.6,,3.95,-0.723188124,,58,107,147,0.185891478,0.727841643,467,164,0.351102548,17.74405774,7.892455828
432,P,,4.63,,3.96,-0.730058361,,59,107,145,0.189704511,0.737880146,483,147,0.304284827,19.38782136,9.510208925
433,P,,4.68,,3.97,-0.736855592,,59,107,146,0.189096503,0.732826519,483,156,0.32291451,28.63478057,6.930824483
434,P,,4.65,,3.98,-0.743579139,,58,107,147,0.185891478,0.727841643,451,165,0.365772556,12.81097575,9.051047193
435,P,,4.68,,3.99,-0.750228328,,59,106,145,0.190316441,0.73098407,497,165,0.331925166,24.65332727,7.557549805
436,P,,4.65,,4,-0.756802495,,59,107,146,0.189096503,0.732826519,480,161,0.335346803,22.03523484,7.608341675
437,P,,4.66,,4.01,-0.763300983,,59,106,145,0.190316441,0.73098407,497,166,0.333936834,9.003141939,8.48223195
438,P,,4.66,,4.02,-0.769723141,,59,107,146,0.189096503,0.732826519,491,165,0.335980452,16.09154425,7.916490335
439,P,,4.66,,4.03,-0.776068327,,59,107,145,0.189704511,0.737880146,501,156,0.311315107,18.5012457,9.114816857
440,P,,4.68,,4.04,-0.782335907,,59,107,146,0.189096503,0.732826519,484,161,0.332575914,7.051136773,9.382793198
441,P,,4.65,,4.05,-0.788525254,,59,106,145,0.190316441,0.73098407,492,159,0.32310506,7.16240164,8.349192974
442,P,,4.66,,4.06,-0.79463575,,58,107,148,0.185297594,0.722924127,451,160,0.354688539,28.13645176,9.972944369
443,P,,4.7,,4.07,-0.800666782,,59,106,145,0.190316441,0.73098407,497,159,0.31985516,15.10561912,5.190636774
444,P,,4.63,,4.08,-0.806617749,,59,107,145,0.189704511,0.737880146,495,151,0.304988891,23.2931943,5.677884296
445,P,,4.65,,4.09,-0.812488054,,59,107,146,0.189096503,0.732826519,482,157,0.325658577,30.71928128,9.23541082
446,P,,4.6,,4.1,-0.818277111,,59,107,146,0.189096503,0.732826519,486,167,0.34355071,25.17318108,5.107233246
447,P,,4.62,,4.11,-0.823984341,,59,107,146,0.189096503,0.732826519,471,144,0.305667586,25.95666398,8.953732114
448,P,,4.65,,4.12,-0.829609174,,59,106,146,0.189704511,0.725977673,492,167,0.339361918,26.72870477,4.524698934
449,P,,4.63,,4.13,-0.835151046,,58,107,147,0.185891478,0.727841643,463,159,0.343338372,22.29780013,8.126400531
450,P,,4.65,,4.14,-0.840609404,,59,107,146,0.189096503,0.732826519,480,145,0.302020412,27.88343429,8.834737776
451,P,,4.65,,4.15,-0.845983701,,59,107,145,0.189704511,0.737880146,488,153,0.313460356,24.85883382,8.990399274
452,P,,4.63,,4.16,-0.851273401,,59,106,145,0.190316441,0.73098407,486,159,0.327093191,17.14066724,9.404648509
453,P,,4.65,,4.17,-0.856477974,,59,107,146,0.189096503,0.732826519,483,161,0.333264335,24.07247935,5.236052085
454,P,,4.65,,4.18,-0.8615969,,59,106,145,0.190316441,0.73098407,489,150,0.306685749,25.05215274,9.263385511
455,P,,4.63,,4.19,-0.866629667,,59,106,145,0.190316441,0.73098407,507,161,0.317491619,15.49055467,8.391541115
456,P,,4.68,,4.2,-0.871575772,,59,107,147,0.18849238,0.727841643,471,147,0.312035661,1.292274882,8.85861773
457,P,,4.67,,4.21,-0.87643472,,59,108,147,0.187892105,0.734643902,484,166,0.342904359,25.54110373,8.391949911
458,P,,4.63,,4.22,-0.881206026,,59,107,146,0.189096503,0.732826519,487,153,0.31410388,31.14981015,9.527075632
459,P,,4.65,,4.23,-0.885889211,,59,107,145,0.189704511,0.737880146,493,151,0.306225918,16.45392208,9.491263192
460,P,,4.67,,4.24,-0.890483809,,59,106,145,0.190316441,0.73098407,501,145,0.289363401,16.54185584,6.417653394
461,P,,4.65,,4.25,-0.894989358,,59,107,146,0.189096503,0.732826519,481,167,0.347121181,28.99108839,8.585079014
462,P,,4.63,,4.26,-0.89940541,,59,106,146,0.189704511,0.725977673,491,146,0.297291794,30.35861921,9.426771976
463,P,,4.65,,4.27,-0.903731521,,59,107,146,0.189096503,0.732826519,483,158,0.32705444,20.10678299,9.503740336
464,P,,4.65,,4.28,-0.907967261,,58,106,144,0.188305574,0.736059996,510,158,0.309743188,20.55826115,9.952895805
465,P,,4.62,,4.29,-0.912112204,,59,106,146,0.189704511,0.725977673,493,167,0.338673697,30.58322734,6.867157889
466,P,,4.63,,4.3,-0.916165937,,59,107,145,0.189704511,0.737880146,491,150,0.305436775,30.79318565,8.659326979
467,P,,4.63,,4.31,-0.920128054,,59,107,146,0.189096503,0.732826519,479,155,0.323523273,31.44813515,9.658597395
468,P,,4.63,,4.32,-0.923998159,,59,107,146,0.189096503,0.732826519,489,169,0.345532611,29.92042547,2.002178292
469,P,,4.63,,4.33,-0.927775865,,59,107,145,0.189704511,0.737880146,488,157,0.321655398,30.30883257,9.146498222
470,P,,4.63,,4.34,-0.931460794,,58,106,144,0.188305574,0.736059996,501,154,0.307323887,15.14086846,9.278826653
471,P,,4.66,,4.35,-0.935052578,,59,106,145,0.190316441,0.73098407,486,149,0.306521292,25.94825316,7.484272295
472,P,,4.62,,4.36,-0.938550857,,59,107,146,0.189096503,0.732826519,488,164,0.335996722,20.04442054,9.317632288
473,P,,4.63,,4.37,-0.941955282,,59,107,146,0.189096503,0.732826519,495,162,0.327206625,16.92810346,9.450528453
474,P,,4.65,,4.38,-0.945265512,,59,107,147,0.18849238,0.727841643,473,158,0.333967449,29.0188281,7.595082271
475,P,,4.68,,4.39,-0.948481217,,59,107,146,0.189096503,0.732826519,490,155,0.316261987,10.39978515,8.04985194
476,P,,4.65,,4.4,-0.951602074,,59,107,146,0.189096503,0.732826519,475,159,0.334666386,18.48725482,9.419587814
477,P,,4.65,,4.41,-0.954627772,,59,107,146,0.189096503,0.732826519,478,154,0.322108346,30.46037446,9.158172239
478,P,,4.68,,4.42,-0.957558007,,59,107,146,0.189096503,0.732826519,487,158,0.324368713,28.74010726,8.322857546
479,P,,4.6,,4.43,-0.960392488,,59,107,146,0.189096503,0.732826519,495,155,0.313068067,25.31850877,7.647843856
480,P,,4.66,,4.44,-0.963130931,,59,106,145,0.190316441,0.73098407,491,140,0.285074323,19.4343152,9.412265459
481,P,,4.65,,4.45,-0.965773061,,59,107,146,0.189096503,0.732826519,489,167,0.341443468,17.70388434,6.477316292
482,P,,4.65,,4.46,-0.968318614,,59,107,146,0.189096503,0.732826519,485,150,0.309214595,13.27203486,6.452105861
483,P,,4.63,,4.47,-0.970767337,,59,107,146,0.189096503,0.732826519,480,153,0.318683608,30.07712064,7.589519965
484,P,,4.6,,4.48,-0.973118983,,59,106,144,0.190932332,0.736059996,499,155,0.310559006,28.12873659,9.679694924
485,P,,4.65,,4.49,-0.975373319,,58,106,146,0.187090739,0.725977673,478,161,0.336749634,19.00678311,7.447258795
486,P,,4.63,,4.5,-0.977530118,,59,107,146,0.189096503,0.732826519,489,146,0.298507463,12.02595955,2.970560443
487,P,,4.63,,4.51,-0.979589164,,58,108,148,0.184707493,0.729680427,464,158,0.34044387,16.10543948,6.031584396
488,P,,4.66,,4.52,-0.981550253,,59,106,145,0.190316441,0.73098407,505,155,0.306869927,27.15594472,9.85748232
489,P,,4.66,,4.53,-0.983413188,,59,107,146,0.189096503,0.732826519,489,153,0.312819464,26.88778979,7.654623826
490,P,,4.68,,4.54,-0.985177782,,59,107,146,0.189096503,0.732826519,491,170,0.346161678,12.03501496,7.64345944
491,P,,4.65,,4.55,-0.986843859,,58,107,148,0.185297594,0.722924127,458,146,0.318707706,21.10456573,9.705200724
492,P,,4.65,,4.56,-0.988411252,,58,108,148,0.184707493,0.729680427,455,163,0.358163041,30.87788851,9.603150604
493,P,,4.6,,4.57,-0.989879805,,59,107,146,0.189096503,0.732826519,476,161,0.338164251,28.47988571,7.714998896
494,P,,4.65,,4.58,-0.991249371,,59,106,145,0.190316441,0.73098407,495,158,0.319127449,22.87801613,8.056422752
495,P,,4.66,,4.59,-0.992519813,,59,107,145,0.189704511,0.737880146,492,142,0.288559236,28.52055171,7.879806581
496,P,,4.65,,4.6,-0.993691004,,58,108,149,0.184121139,0.724783572,457,161,0.352220521,29.53236525,5.677110766
497,P,,4.63,,4.61,-0.994762826,,59,106,145,0.190316441,0.73098407,494,153,0.309653916,26.14165622,9.197945635
498,P,,4.68,,4.62,-0.995735173,,58,106,145,0.187696191,0.73098407,503,138,0.274299344,13.35090556,9.720443836
499,P,,4.65,,4.63,-0.996607947,,59,106,144,0.190932332,0.736059996,500,168,0.335932813,13.45509505,5.733984568
500,P,,4.63,,4.64,-0.997381062,,59,106,146,0.189704511,0.725977673,478,163,0.340932859,27.10490776,9.521927691
501,P,,4.63,,4.65,-0.998054439,,59,107,147,0.18849238,0.727841643,474,166,0.350137102,24.49912557,6.147812065
502,P,,4.68,,4.66,-0.998628011,,59,107,147,0.18849238,0.727841643,473,159,0.336081167,21.47002283,4.985440545
503,P,,4.68,,4.67,-0.999101722,,59,106,145,0.190316441,0.73098407,510,167,0.327386787,30.2614617,9.908398583
504,P,,4.65,,4.68,-0.999475523,,59,107,145,0.189704511,0.737880146,492,165,0.335297704,20.85064795,8.934217028
505,P,,4.65,,4.69,-0.999749377,,58,106,146,0.187090739,0.725977673,504,172,0.341202142,27.63336082,8.714505329
506,P,,4.63,,4.7,-0.999923258,,58,107,147,0.185891478,0.727841643,471,148,0.314158353,20.75447935,6.26921303
507,P,,4.63,,4.71,-0.999997146,,59,107,146,0.189096503,0.732826519,478,152,0.31792512,28.77032652,9.817106319
508,P,,4.65,,4.72,-0.999971036,,59,107,145,0.189704511,0.737880146,486,153,0.314750051,10.85263952,8.822293526
509,P,,4.62,,4.73,-0.99984493,,59,107,146,0.189096503,0.732826519,493,154,0.312309876,21.75412219,7.799309768
510,P,,4.65,,4.74,-0.99961884,,59,107,146,0.189096503,0.732826519,482,156,0.323584319,20.59352723,8.375025279
511,P,,4.65,,4.75,-0.999292789,,59,107,145,0.189704511,0.737880146,495,148,0.298929509,29.27301855,9.483900054
512,P,,4.66,,4.76,-0.998866809,,59,107,146,0.189096503,0.732826519,485,157,0.323644609,20.23696573,9.72388186
513,P,,4.65,,4.77,-0.998340944,,59,106,146,0.189704511,0.725977673,498,157,0.315197751,23.84915747,9.638982743
514,P,,4.68,,4.78,-0.997715246,,58,107,147,0.185891478,0.727841643,469,163,0.347473886,7.373936771,7.135435074
515,P,,4.68,,4.79,-0.996989776,,58,107,148,0.185297594,0.722924127,452,161,0.356115904,21.87573278,6.727412682
516,P,,4.65,,4.8,-0.996164609,,59,106,146,0.189704511,0.725977673,500,158,0.315936813,28.26473938,6.106006958
517,P,,4.67,,4.81,-0.995239826,,59,107,146,0.189096503,0.732826519,483,163,0.337404264,6.189059401,6.255730255
518,P,,4.65,,4.82,-0.99421552,,59,107,146,0.189096503,0.732826519,493,154,0.312309876,28.17239552,8.813415374
519,P,,4.65,,4.83,-0.993091793,,58,106,145,0.187696191,0.73098407,490,162,0.330544787,17.2206843,8.837027608
520,P,,4.65,,4.84,-0.991868757,,59,106,145,0.190316441,0.73098407,489,153,0.312819464,17.30626795,2.443119213
521,P,,4.63,,4.85,-0.990546536,,58,107,148,0.185297594,0.722924127,455,168,0.369149637,20.69152796,6.700174724
522,P,,4.65,,4.86,-0.989125261,,59,108,147,0.187892105,0.734643902,488,156,0.319606638,26.42531732,6.479232049
523,P,,4.63,,4.87,-0.987605074,,59,107,146,0.189096503,0.732826519,482,150,0.311138768,19.2645688,4.310261005
524,P,,4.63,,4.88,-0.985986127,,59,107,146,0.189096503,0.732826519,487,159,0.326421679,27.35268504,4.430269131
525,P,,4.62,,4.89,-0.984268583,,58,108,148,0.184707493,0.729680427,458,160,0.349268719,5.331439944,6.126829573
526,P,,4.63,,4.9,-0.982452613,,59,107,146,0.189096503,0.732826519,493,162,0.328533766,18.50131198,9.33855952
527,P,,4.65,,4.91,-0.980538398,,59,107,146,0.189096503,0.732826519,489,156,0.318953179,19.37240528,3.285013976
528,P,,4.63,,4.92,-0.97852613,,59,107,146,0.189096503,0.732826519,490,163,0.332585187,14.982196,9.999705689
529,P,,4.6,,4.93,-0.97641601,,59,106,146,0.189704511,0.725977673,480,165,0.3436784,3.17934352,5.986069456
530,P,,4.66,,4.94,-0.97420825,,58,108,148,0.184707493,0.729680427,451,147,0.325870095,27.18945218,9.526201832
531,P,,4.63,,4.95,-0.971903069,,58,108,148,0.184707493,0.729680427,456,163,0.357377768,9.899779797,9.899109292
532,P,,4.66,,4.96,-0.969500699,,59,107,145,0.189704511,0.737880146,490,172,0.350948786,18.05521883,6.491694775
533,P,,4.65,,4.97,-0.96700138,,59,107,146,0.189096503,0.732826519,498,158,0.31720538,21.89395259,8.628551215
534,P,,4.63,,4.98,-0.964405362,,59,107,146,0.189096503,0.732826519,495,155,0.313068067,20.78263106,8.977344675
535,P,,4.65,,4.99,-0.961712903,,59,107,146,0.189096503,0.732826519,490,161,0.328504387,6.416203027,8.87630307
536,P,,4.63,,5,-0.958924275,,59,107,146,0.189096503,0.732826519,496,167,0.33662568,13.29785477,9.963478334
537,P,,4.63,,5.01,-0.956039754,,59,106,144,0.190932332,0.736059996,506,160,0.316143055,27.6947645,7.580445408
538,P,,4.67,,5.02,-0.953059631,,59,107,146,0.189096503,0.732826519,502,153,0.304720175,14.07517145,2.304414224
539,P,,4.63,,5.03,-0.949984202,,58,107,147,0.185891478,0.727841643,469,156,0.332551695,31.29597789,8.987012481
540,P,,4.66,,5.04,-0.946813776,,59,107,146,0.189096503,0.732826519,488,164,0.335996722,24.05273974,8.145723648
541,P,,4.68,,5.05,-0.943548669,,59,107,146,0.189096503,0.732826519,488,169,0.346240524,28.55851726,9.778823977
542,P,,4.65,,5.06,-0.940189208,,58,107,148,0.185297594,0.722924127,470,168,0.357370772,17.95926532,9.326047197
543,P,,4.66,,5.07,-0.936735728,,59,107,147,0.18849238,0.727841643,483,162,0.335334299,30.79528667,8.031020538
544,P,,4.63,,5.08,-0.933188576,,58,107,148,0.185297594,0.722924127,454,148,0.325919401,21.7018512,5.045055878
545,P,,4.63,,5.09,-0.929548106,,59,107,146,0.189096503,0.732826519,489,159,0.325086894,20.60785755,6.528465585
546,P,,4.63,,5.1,-0.925814682,,59,107,146,0.189096503,0.732826519,485,140,0.288600289,26.61778884,5.608974574
547,P,,4.63,,5.11,-0.921988678,,59,106,146,0.189704511,0.725977673,487,159,0.326421679,31.1365568,7.472347998
548,P,,4.65,,5.12,-0.918070475,,58,107,147,0.185891478,0.727841643,489,159,0.325086894,17.89902531,7.435396945
549,P,,4.66,,5.13,-0.914060466,,59,107,147,0.18849238,0.727841643,478,154,0.322108346,10.21461449,9.995226323
550,P,,4.65,,5.14,-0.909959051,,59,106,145,0.190316441,0.73098407,497,159,0.31985516,24.19922548,3.973259998
551,P,,4.65,,5.15,-0.905766641,,59,107,147,0.18849238,0.727841643,489,155,0.316908608,27.07864536,9.846954477
552,P,,4.65,,5.16,-0.901483656,,59,106,145,0.190316441,0.73098407,509,169,0.331958358,20.97084467,6.007223425
553,P,,4.63,,5.17,-0.897110523,,58,106,147,0.18648918,0.721039385,471,153,0.324771811,24.17873672,7.124808509
554,P,,4.65,,5.18,-0.892647679,,59,106,145,0.190316441,0.73098407,498,147,0.295121462,31.35061171,9.988702417
555,P,,4.63,,5.19,-0.888095572,,59,106,145,0.190316441,0.73098407,499,167,0.334602284,29.34529979,9.420079382
556,P,,4.65,,5.2,-0.883454656,,59,107,146,0.189096503,0.732826519,485,152,0.313337456,29.66393374,9.441025133
557,P,,4.65,,5.21,-0.878725395,,58,106,147,0.18648918,0.721039385,469,158,0.336815178,25.22237923,6.388117514
558,P,,4.65,,5.22,-0.873908262,,59,107,146,0.189096503,0.732826519,492,163,0.331233489,31.61257272,7.713510693
559,P,,4.63,,5.23,-0.869003739,,59,106,145,0.190316441,0.73098407,497,143,0.287668477,12.42894756,6.657811401
560,P,,4.63,,5.24,-0.864012316,,59,108,147,0.187892105,0.734643902,488,153,0.313460356,23.72456725,9.404896711
561,P,,4.65,,5.25,-0.858934493,,59,106,146,0.189704511,0.725977673,488,153,0.313460356,30.73087909,2.103522956
562,P,,4.67,,5.26,-0.853770778,,59,107,146,0.189096503,0.732826519,492,156,0.317008738,20.8879059,6.745111419
563,P,,4.65,,5.27,-0.848521685,,58,105,145,0.188305574,0.724087994,500,162,0.323935213,30.1576258,8.529832859
564,P,,4.6,,5.28,-0.843187742,,59,106,146,0.189704511,0.725977673,484,160,0.330510225,13.03874514,8.127258372
565,P,,4.6,,5.29,-0.83776948,,59,106,145,0.190316441,0.73098407,488,158,0.323704159,3.115738829,8.587308845
566,P,,4.68,,5.3,-0.832267442,,59,108,147,0.187892105,0.734643902,476,161,0.338164251,30.66546737,7.811937287
567,P,,4.67,,5.31,-0.826682178,,58,107,147,0.185891478,0.727841643,462,158,0.341917334,26.99130226,4.465903451
568,P,,4.65,,5.32,-0.821014247,,59,107,146,0.189096503,0.732826519,477,152,0.31859149,14.59121591,7.994010871
569,P,,4.65,,5.33,-0.815264214,,59,106,145,0.190316441,0.73098407,506,150,0.296384114,15.73516164,9.986000965
570,P,,4.65,,5.34,-0.809432656,,59,108,147,0.187892105,0.734643902,480,162,0.337429702,19.92320163,6.624623459
571,P,,4.67,,5.35,-0.803520156,,59,107,147,0.18849238,0.727841643,484,165,0.34083867,22.34686462,5.609985144
572,P,,4.62,,5.36,-0.797527304,,59,107,147,0.18849238,0.727841643,480,156,0.324932306,28.33440113,6.919871436
573,P,,4.65,,5.37,-0.7914547,,59,106,145,0.190316441,0.73098407,496,164,0.330578512,15.39441912,7.528935555
574,P,,4.65,,5.38,-0.785302951,,59,107,146,0.189096503,0.732826519,485,162,0.333951763,23.88637955,9.010952909
575,P,,4.63,,5.39,-0.779072673,,58,107,147,0.185891478,0.727841643,473,150,0.317057705,28.15422172,5.20870823
576,P,,4.65,,5.4,-0.772764488,,59,107,147,0.18849238,0.727841643,483,163,0.337404264,28.16079097,8.962386224
577,P,,4.63,,5.41,-0.766379027,,59,106,145,0.190316441,0.73098407,497,150,0.301750151,31.57527905,7.22340465
578,P,,4.63,,5.42,-0.759916929,,59,107,146,0.189096503,0.732826519,484,160,0.330510225,26.05324166,8.495531946
579,P,,4.65,,5.43,-0.753378839,,59,106,145,0.190316441,0.73098407,506,160,0.316143055,28.08589769,7.181420547
580,P,,4.65,,5.44,-0.746765413,,59,107,147,0.18849238,0.727841643,471,156,0.331139885,22.03330909,7.137333677
581,P,,4.65,,5.45,-0.74007731,,59,106,145,0.190316441,0.73098407,502,157,0.312686716,12.71820489,9.169484149
582,P,,4.63,,5.46,-0.733315201,,59,107,146,0.189096503,0.732826519,491,161,0.327835471,23.40885172,9.129343558
583,P,,4.63,,5.47,-0.726479761,,59,107,146,0.189096503,0.732826519,489,158,0.323042323,0.727328074,8.033495581
584,P,,4.65,,5.48,-0.719571673,,59,106,145,0.190316441,0.73098407,491,167,0.340052942,27.81337671,7.193343091
585,P,,4.65,,5.49,-0.712591628,,58,106,147,0.18648918,0.721039385,473,160,0.338194885,27.97618976,7.414190857
586,P,,4.65,,5.5,-0.705540326,,58,107,148,0.185297594,0.722924127,453,162,0.357536968,29.39532533,8.718274539
587,P,,4.67,,5.51,-0.698418469,,58,106,145,0.187696191,0.73098407,493,165,0.334617725,28.18032194,7.781862539
588,P,,4.65,,5.52,-0.691226772,,58,107,148,0.185297594,0.722924127,470,170,0.361625186,9.960246044,9.489479807
589,P,,4.65,,5.53,-0.683965952,,59,107,146,0.189096503,0.732826519,492,141,0.286527129,16.16014236,1.974773937
590,P,,4.68,,5.54,-0.676636736,,59,106,145,0.190316441,0.73098407,497,140,0.281633474,30.29447126,9.356929828
591,P,,4.66,,5.55,-0.669239857,,59,107,146,0.189096503,0.732826519,495,151,0.304988891,30.89311727,8.334211215
592,P,,4.63,,5.56,-0.661776055,,59,107,146,0.189096503,0.732826519,485,156,0.321583179,31.06928979,9.105355316
593,P,,4.65,,5.57,-0.654246076,,58,107,148,0.185297594,0.722924127,448,170,0.379379603,30.17573713,7.954458127
594,P,,4.65,,5.58,-0.646650672,,59,107,147,0.18849238,0.727841643,476,149,0.312959462,13.86554293,7.130665298
595,P,,4.65,,5.59,-0.638990604,,59,106,145,0.190316441,0.73098407,499,162,0.324584252,22.82391964,8.709469053
596,P,,4.65,,5.6,-0.631266638,,59,107,146,0.189096503,0.732826519,486,152,0.312692862,18.34990033,9.666461558
597,P,,4.65,,5.61,-0.623479545,,59,107,146,0.189096503,0.732826519,489,167,0.341443468,29.23744524,5.4616814
598,P,,4.65,,5.62,-0.615630105,,59,107,146,0.189096503,0.732826519,486,157,0.322978811,25.65272342,6.354400931
599,P,,4.65,,5.63,-0.607719103,,59,107,146,0.189096503,0.732826519,490,159,0.324423587,11.55626837,9.756717683
600,P,,4.62,,5.64,-0.599747329,,59,107,146,0.189096503,0.732826519,496,173,0.348720016,17.25483869,9.968171909
601,P,,4.63,,5.65,-0.591715581,,59,107,146,0.189096503,0.732826519,490,147,0.299938788,17.99546794,7.318937893
602,P,,4.63,,5.66,-0.583624661,,59,107,148,0.187892105,0.722924127,469,151,0.321892987,8.953565321,6.489533799
603,P,,4.65,,5.67,-0.57547538,,59,107,146,0.189096503,0.732826519,484,150,0.309853336,14.4431103,9.857686141
604,P,,4.66,,5.68,-0.567268552,,59,107,146,0.189096503,0.732826519,481,162,0.336728331,30.53982887,7.834515965
605,P,,4.65,,5.69,-0.559004997,,59,106,145,0.190316441,0.73098407,493,161,0.32650578,19.49953405,9.166663307
606,P,,4.65,,5.7,-0.550685543,,59,107,146,0.189096503,0.732826519,493,142,0.287974042,12.53252783,9.211382601
607,P,,4.65,,5.71,-0.54231102,,59,107,147,0.18849238,0.727841643,482,160,0.331881352,17.34215352,9.343648652
608,P,,4.65,,5.72,-0.533882266,,59,107,147,0.18849238,0.727841643,479,165,0.344395742,25.91724603,7.747532909
609,P,,4.63,,5.73,-0.525400125,,59,106,145,0.190316441,0.73098407,488,155,0.317557877,19.25494354,8.386969458
610,P,,4.65,,5.74,-0.516865444,,59,106,145,0.190316441,0.73098407,498,158,0.31720538,28.15463403,5.611676657
611,P,,4.65,,5.75,-0.508279077,,59,106,146,0.189704511,0.725977673,488,164,0.335996722,26.55414164,8.78284572
612,P,,4.63,,5.76,-0.499641883,,59,107,146,0.189096503,0.732826519,489,159,0.325086894,17.36098784,7.220318514
614,P,,4.95,,5.77,-0.490954725,,62,112,148,0.192540604,0.756705628,499,122,0.244439992,12.18869044,6.55900582
615,P,,4.67,,5.78,-0.482218472,,62,112,149,0.191944522,0.751627408,489,127,0.259660601,30.00635569,7.716111391
616,P,,4.65,,5.79,-0.473433997,,60,112,150,0.186329617,0.746616892,470,125,0.265900872,15.41639547,8.965077527
617,P,,4.65,,5.8,-0.464602179,,62,112,148,0.192540604,0.756705628,487,114,0.234038185,16.41756109,9.862080349
618,P,,4.66,,5.81,-0.455723902,,61,111,148,0.190619043,0.749949328,506,123,0.243034973,20.74202995,9.895294905
619,P,,4.66,,5.82,-0.446800052,,62,113,149,0.191352119,0.758338367,488,136,0.278631428,31.42079603,8.744569606
620,P,,4.7,,5.83,-0.437831523,,62,111,147,0.193743946,0.755050677,509,129,0.253388332,13.27119269,9.093813595
621,P,,4.68,,5.84,-0.428819211,,61,111,147,0.191216576,0.755050677,500,118,0.235952809,27.37756285,5.95792322
622,P,,4.65,,5.85,-0.419764018,,62,111,148,0.193140401,0.749949328,495,115,0.232276308,29.45838808,5.723819666
623,P,,4.68,,5.86,-0.410666848,,62,113,149,0.191352119,0.758338367,492,116,0.235724446,14.02492007,9.171872569
624,P,,4.67,,5.87,-0.401528612,,62,113,149,0.191352119,0.758338367,483,115,0.238045953,29.29488573,7.513214112
625,P,,4.67,,5.88,-0.392350224,,61,111,147,0.191216576,0.755050677,511,124,0.24261397,15.4477524,8.147366295
626,P,,4.65,,5.89,-0.383132601,,61,111,147,0.191216576,0.755050677,507,119,0.234667718,6.75937372,9.745688021
627,P,,4.68,,5.9,-0.373876665,,61,111,147,0.191216576,0.755050677,508,130,0.255855147,18.91699396,8.694345295
628,P,,4.65,,5.91,-0.364583341,,62,112,148,0.192540604,0.756705628,491,120,0.24434942,10.40972464,9.336426851
629,P,,4.67,,5.92,-0.35525356,,62,113,149,0.191352119,0.758338367,484,120,0.247882669,30.64857185,4.041358545
630,P,,4.62,,5.93,-0.345888253,,62,112,148,0.192540604,0.756705628,501,104,0.207543405,28.1055029,9.758163043
631,P,,4.68,,5.94,-0.336488358,,60,112,150,0.186329617,0.746616892,469,121,0.257940738,24.7438945,7.442065066
632,P,,4.65,,5.95,-0.327054815,,60,112,150,0.186329617,0.746616892,467,111,0.23763648,28.0809393,8.848481059
633,P,,4.66,,5.96,-0.317588566,,62,112,148,0.192540604,0.756705628,496,129,0.26002822,6.666783506,5.566526951
634,P,,4.7,,5.97,-0.308090559,,60,111,149,0.187494141,0.744916449,490,120,0.24484799,12.67817861,7.205265839
635,P,,4.65,,5.98,-0.298561742,,62,112,149,0.191944522,0.751627408,494,124,0.250961344,19.95180877,5.639510215
636,P,,4.66,,5.99,-0.28900307,,62,112,149,0.191944522,0.751627408,487,126,0.258673784,12.20469594,2.235765748
637,P,,4.67,,6,-0.279415498,,62,113,149,0.191352119,0.758338367,479,122,0.254644124,5.239721831,9.285855386
638,P,,4.68,,6.01,-0.269799985,,62,112,148,0.192540604,0.756705628,486,124,0.255091545,16.3735181,8.956831766
639,P,,4.65,,6.02,-0.260157491,,60,112,150,0.186329617,0.746616892,449,115,0.256067691,24.03666392,9.889442748
641,P,,4.66,,6.03,-0.250488983,,62,111,147,0.193743946,0.755050677,505,129,0.255394971,10.98174248,6.177515726
642,P,,4.65,,6.04,-0.240795425,,60,113,151,0.18517947,0.748294815,456,121,0.265292699,5.638241496,9.662172744
643,P,,4.66,,6.05,-0.231077788,,62,112,148,0.192540604,0.756705628,483,129,0.267025461,25.22776322,2.694033532
644,P,,4.63,,6.06,-0.221337044,,62,111,148,0.193140401,0.749949328,499,122,0.244439992,21.00222858,7.954814765
645,P,,4.66,,6.07,-0.211574166,,60,112,150,0.186329617,0.746616892,466,101,0.216691697,5.289801848,8.349431068
646,P,,4.66,,6.08,-0.201790131,,60,111,149,0.187494141,0.744916449,480,126,0.262445324,31.22389476,8.893975975
647,P,,4.63,,6.09,-0.191985917,,62,111,147,0.193743946,0.755050677,490,120,0.24484799,19.52176336,8.689685972
648,P,,4.65,,6.1,-0.182162504,,62,113,150,0.190763361,0.753283114,483,124,0.256675637,27.51397018,9.485978477
649,P,,4.65,,6.11,-0.172320876,,62,112,148,0.192540604,0.756705628,498,112,0.224854447,29.69322287,3.687700778
650,P,,4.63,,6.12,-0.162462015,,62,112,148,0.192540604,0.756705628,491,119,0.242313175,29.58599077,8.891142401
651,P,,4.66,,6.13,-0.152586909,,62,112,149,0.191944522,0.751627408,485,120,0.247371676,12.52012488,8.614862722
652,P,,4.65,,6.14,-0.142696544,,62,111,148,0.193140401,0.749949328,502,124,0.246962756,30.16580887,6.136213345
653,P,,4.68,,6.15,-0.132791909,,60,113,151,0.18517947,0.748294815,464,123,0.265029089,17.92241853,4.063462007
654,P,,4.65,,6.16,-0.122873995,,62,112,149,0.191944522,0.751627408,490,110,0.224443991,14.97883618,5.957448001
655,P,,4.68,,6.17,-0.112943794,,60,111,149,0.187494141,0.744916449,474,134,0.282640793,21.41578154,7.840803503
656,P,,4.65,,6.18,-0.103002299,,62,112,149,0.191944522,0.751627408,487,128,0.262779717,26.62182964,7.420100987
657,P,,4.65,,6.19,-0.093050503,,62,112,148,0.192540604,0.756705628,500,114,0.227954409,22.55856676,7.210827313
658,P,,4.65,,6.2,-0.083089403,,62,112,149,0.191944522,0.751627408,492,123,0.249949197,10.26650297,9.99639158
659,P,,4.65,,6.21,-0.073119994,,60,111,150,0.186910065,0.73995067,479,128,0.267167606,17.7662178,9.741221227
660,P,,4.66,,6.22,-0.063143272,,62,112,148,0.192540604,0.756705628,494,127,0.257032989,27.54463806,8.057669869
661,P,,4.66,,6.23,-0.053160237,,62,112,149,0.191944522,0.751627408,495,121,0.244395072,26.5008688,5.286446955
662,P,,4.63,,6.24,-0.043171885,,62,111,147,0.193743946,0.755050677,507,123,0.242555709,24.05138671,7.757993699
663,P,,4.67,,6.25,-0.033179217,,62,112,149,0.191944522,0.751627408,492,116,0.235724446,22.37270243,9.409679001
664,P,,4.67,,6.26,-0.02318323,,61,111,147,0.191216576,0.755050677,505,132,0.261334389,28.3988948,9.514827014
665,P,,4.63,,6.27,-0.013184925,,62,112,148,0.192540604,0.756705628,494,116,0.234770289,19.92390776,3.038172981
666,P,,4.71,,6.28,-0.003185302,,61,111,148,0.190619043,0.749949328,498,122,0.244930737,21.42708662,1.428565425
667,P,,4.65,,6.29,0.00681464,,62,112,149,0.191944522,0.751627408,485,125,0.257678829,25.64277457,9.332488509
668,P,,4.66,,6.3,0.0168139,,62,111,148,0.193140401,0.749949328,509,133,0.261245335,20.22266857,9.962622745
669,P,,4.65,,6.31,0.02681148,,60,112,150,0.186329617,0.746616892,467,121,0.259045172,23.89270794,7.037501577
670,P,,4.65,,6.32,0.036806377,,62,113,150,0.190763361,0.753283114,490,126,0.25709039,14.95732625,7.897496942
671,P,,4.67,,6.33,0.046797595,,62,113,149,0.191352119,0.758338367,494,100,0.202388181,5.10152227,8.400611351
672,P,,4.67,,6.34,0.056784132,,62,113,149,0.191352119,0.758338367,482,121,0.250985273,17.17616069,6.816238606
673,P,,4.65,,6.35,0.066764992,,62,112,148,0.192540604,0.756705628,494,123,0.248937462,14.71991215,3.213653189
674,P,,4.7,,6.36,0.076739174,,62,111,148,0.193140401,0.749949328,497,122,0.245423456,30.41489011,8.103904925
675,P,,4.65,,6.37,0.086705683,,62,111,147,0.193743946,0.755050677,503,126,0.250447227,27.06959782,7.501984515
676,P,,4.7,,6.38,0.096663522,,62,112,148,0.192540604,0.756705628,499,119,0.238429173,26.10378428,6.878523352
677,P,,4.65,,6.39,0.106611694,,62,113,150,0.190763361,0.753283114,479,124,0.258818618,18.54749721,9.426728937
678,P,,4.63,,6.4,0.116549205,,62,113,149,0.191352119,0.758338367,493,122,0.247414318,24.96881552,6.765336445
679,P,,4.65,,6.41,0.126475061,,61,111,147,0.191216576,0.755050677,514,122,0.237307917,28.61089274,7.393145738
680,P,,4.66,,6.42,0.13638827,,62,112,149,0.191944522,0.751627408,495,128,0.25853363,14.73066177,7.637736334
681,P,,4.68,,6.43,0.14628784,,60,111,149,0.187494141,0.744916449,485,108,0.222634508,18.99760499,9.887595526
682,P,,4.65,,6.44,0.156172782,,60,112,149,0.186910065,0.751627408,480,131,0.272859821,20.76818939,6.554093772
683,P,,4.67,,6.45,0.166042106,,62,112,148,0.192540604,0.756705628,493,130,0.263638207,15.93264563,7.939605067
684,P,,4.65,,6.46,0.175894826,,62,111,147,0.193743946,0.755050677,507,125,0.246499704,30.45699906,7.708784755
685,P,,4.66,,6.47,0.185729957,,60,112,150,0.186329617,0.746616892,464,130,0.280112045,27.33814475,9.062574324
686,P,,4.65,,6.48,0.195546515,,62,112,149,0.191944522,0.751627408,496,125,0.25196533,27.30296313,9.766568925
688,P,,5.38,,6.49,0.205343519,,84,151,181,0.201918223,0.834208055,799,290,0.362908272,14.0184859,7.48245061
689,P,,4.93,,6.5,0.215119988,,84,151,180,0.202404761,0.838842287,803,288,0.358610385,30.6294752,9.918121855
690,P,,4.95,,6.51,0.224874946,,61,111,148,0.190619043,0.749949328,485,122,0.251494537,30.39778473,6.647631995
691,P,,4.93,,6.52,0.234607416,,61,111,147,0.191216576,0.755050677,502,113,0.22505477,29.25352394,5.346882618
692,P,,4.93,,6.53,0.244316426,,62,112,148,0.192540604,0.756705628,499,130,0.260468844,27.80895889,9.455242121
693,P,,4.95,,6.54,0.254001004,,62,112,149,0.191944522,0.751627408,494,122,0.24691358,19.57732878,6.359411769
694,P,,4.99,,6.55,0.263660182,,62,112,148,0.192540604,0.756705628,499,114,0.22841114,27.85795898,8.416228426
695,P,,5.04,,6.56,0.273292995,,62,112,149,0.191944522,0.751627408,488,117,0.239704978,31.32664096,3.615231244
696,P,,5.04,,6.57,0.282898479,,62,112,150,0.191352119,0.746616892,486,109,0.224233697,20.35954192,8.032106729
697,P,,5.04,,6.58,0.292475672,,61,111,147,0.191216576,0.755050677,504,118,0.23408054,25.9576857,7.283761645
698,P,,5.01,,6.59,0.302023619,,62,113,149,0.191352119,0.758338367,487,127,0.26072675,13.15439239,8.918852614
699,P,,5.04,,6.6,0.311541364,,60,112,150,0.186329617,0.746616892,466,122,0.261746406,10.82384768,7.48305662
700,P,,5.04,,6.61,0.321027954,,60,111,149,0.187494141,0.744916449,490,115,0.234645991,4.805543928,9.233152331
701,P,,5.05,,6.62,0.330482442,,62,113,150,0.190763361,0.753283114,474,127,0.267875976,18.57641231,9.83206153
702,P,,5.04,,6.63,0.339903882,,62,112,149,0.191944522,0.751627408,493,125,0.253498276,15.5576358,4.457115491
703,P,,5.01,,6.64,0.349291332,,62,112,148,0.192540604,0.756705628,491,120,0.24434942,25.19504226,9.467894414
704,P,,5.02,,6.65,0.358643853,,62,111,147,0.193743946,0.755050677,511,120,0.234787713,30.67637304,9.461243049
705,P,,5.04,,6.66,0.367960511,,62,113,149,0.191352119,0.758338367,491,119,0.242313175,29.24474992,9.803099257
706,P,,5.02,,6.67,0.377240372,,62,112,148,0.192540604,0.756705628,509,113,0.221960322,18.50206917,9.742833208
707,P,,5.04,,6.68,0.38648251,,62,112,149,0.191944522,0.751627408,494,119,0.240841935,30.73642035,9.816947003
708,P,,5.04,,6.69,0.395685999,,62,113,149,0.191352119,0.758338367,481,110,0.228642694,25.77047769,3.576222574
709,P,,5.04,,6.7,0.404849921,,62,111,148,0.193140401,0.749949328,500,120,0.23995201,22.91957296,7.61154983
710,P,,5.04,,6.71,0.413973357,,62,112,148,0.192540604,0.756705628,494,124,0.250961344,28.93645129,4.196687076
711,P,,5.04,,6.72,0.423055397,,62,112,149,0.191944522,0.751627408,487,114,0.234038185,16.97353257,5.64749102
712,P,,5.04,,6.73,0.432095132,,62,112,148,0.192540604,0.756705628,487,120,0.246355984,14.18518865,7.596579562
713,P,,5.04,,6.74,0.441091657,,62,112,148,0.192540604,0.756705628,495,117,0.236315896,4.396031303,6.306344758
714,P,,5.04,,6.75,0.450044074,,62,113,150,0.190763361,0.753283114,488,121,0.24790002,23.6909695,7.405239678
715,P,,5.01,,6.76,0.458951486,,60,111,149,0.187494141,0.744916449,483,124,0.256675637,25.66448524,5.111946735
716,P,,5.02,,6.77,0.467813004,,62,112,148,0.192540604,0.756705628,496,122,0.245918162,26.38354061,4.77677812
717,P,,5.04,,6.78,0.476627741,,62,112,148,0.192540604,0.756705628,498,130,0.260991769,6.061124172,8.578262752
718,P,,5.04,,6.79,0.485394816,,60,111,148,0.188081878,0.749949328,484,130,0.268539558,30.11329543,3.857259045
719,P,,5.04,,6.8,0.494113351,,63,113,150,0.193245606,0.753283114,475,123,0.258892865,26.81000133,7.59212148
720,P,,4.99,,6.81,0.502782476,,60,112,149,0.186910065,0.751627408,483,114,0.235975988,5.796486491,9.30524968
721,P,,5.01,,6.82,0.511401322,,62,112,148,0.192540604,0.756705628,507,125,0.246499704,13.80775454,9.297768759
722,P,,5.02,,6.83,0.519969029,,60,112,150,0.186329617,0.746616892,477,124,0.259903584,28.88091436,5.124253594
723,P,,5.04,,6.84,0.52848474,,62,112,149,0.191944522,0.751627408,493,123,0.249442304,16.80938809,9.027452004
724,P,,5.04,,6.85,0.536947602,,61,110,146,0.192422952,0.753373057,518,117,0.22582513,30.41002526,9.921541441
725,P,,5.04,,6.86,0.545356771,,62,112,148,0.192540604,0.756705628,506,129,0.254890338,30.0542714,5.937659499
726,P,,5.04,,6.87,0.553711404,,62,111,148,0.193140401,0.749949328,498,121,0.242923108,15.15718775,9.395655124
727,P,,5.04,,6.88,0.562010666,,62,111,147,0.193743946,0.755050677,512,134,0.261667643,4.699450064,8.628549001
728,P,,5.02,,6.89,0.570253728,,62,113,148,0.191944522,0.763461928,495,111,0.224197132,13.844848,2.833167651
729,P,,5.04,,6.9,0.578439764,,61,111,147,0.191216576,0.755050677,510,120,0.235247991,30.44691306,4.449233997
730,P,,5.04,,6.91,0.586567958,,62,112,148,0.192540604,0.756705628,497,125,0.251458459,5.312631732,7.358986317
731,P,,5.02,,6.92,0.594637495,,62,112,148,0.192540604,0.756705628,506,116,0.229203715,29.13624222,7.607483654
732,P,,5.04,,6.93,0.602647568,,62,112,148,0.192540604,0.756705628,497,119,0.239388453,27.59159094,9.854616568
733,P,,5.02,,6.94,0.610597378,,62,113,149,0.191352119,0.758338367,485,125,0.257678829,25.4530393,2.663845662
734,P,,5.02,,6.95,0.618486128,,62,112,149,0.191944522,0.751627408,493,127,0.257554249,22.76611441,7.610406416
735,P,,5.04,,6.96,0.62631303,,62,112,148,0.192540604,0.756705628,494,120,0.242865817,25.53132733,7.100384478
736,P,,5.04,,6.97,0.634077302,,62,112,148,0.192540604,0.756705628,493,120,0.243358345,22.58008237,7.133166882
737,P,,5.02,,6.98,0.641778166,,62,112,149,0.191944522,0.751627408,501,130,0.259429256,27.23845337,7.797637487
738,P,,5.01,,6.99,0.649414853,,62,112,149,0.191944522,0.751627408,502,127,0.252937662,22.82296848,9.307516283
739,P,,5.02,,7,0.656986599,,62,112,148,0.192540604,0.756705628,508,127,0.249950797,23.28653701,9.991484176
740,P,,5.04,,7.01,0.664492647,,62,113,149,0.191352119,0.758338367,487,115,0.236091152,22.42486389,5.130695649
741,P,,5.04,,7.02,0.671932246,,62,112,149,0.191944522,0.751627408,503,119,0.236533492,22.36034884,2.545860005
742,P,,5.04,,7.03,0.679304652,,62,112,149,0.191944522,0.751627408,492,115,0.233692339,27.39419909,9.171388772
743,P,,5.04,,7.04,0.686609129,,62,111,148,0.193140401,0.749949328,507,113,0.222835733,18.6969159,7.232514429
744,P,,5.02,,7.05,0.693844945,,61,113,151,0.187686533,0.748294815,471,128,0.271704521,30.91734057,6.615707421
745,P,,5.02,,7.06,0.701011377,,62,112,148,0.192540604,0.756705628,509,120,0.235710077,23.91841064,9.352372305
746,P,,5.04,,7.07,0.708107709,,62,111,148,0.193140401,0.749949328,503,113,0.224607434,28.67273382,6.710369614
747,P,,5.04,,7.08,0.715133231,,62,112,149,0.191944522,0.751627408,501,116,0.23149072,20.8336384,9.032861569
748,P,,5.04,,7.09,0.722087239,,62,112,148,0.192540604,0.756705628,495,122,0.246414866,6.130558146,8.15016763
749,P,,5.04,,7.1,0.72896904,,62,112,148,0.192540604,0.756705628,493,123,0.249442304,26.72734594,4.201726893
750,P,,5.04,,7.11,0.735777945,,60,112,150,0.186329617,0.746616892,488,120,0.24585126,14.08377398,4.293179727
751,P,,5.02,,7.12,0.742513272,,62,112,148,0.192540604,0.756705628,509,124,0.243567079,25.3980534,5.259672211
752,P,,5.04,,7.13,0.749174348,,62,112,148,0.192540604,0.756705628,494,122,0.24691358,4.989893668,7.621406055
753,P,,5.04,,7.14,0.755760508,,62,111,147,0.193743946,0.755050677,494,107,0.216555353,30.53620933,8.592393668
754,P,,5.04,,7.15,0.762271092,,62,112,148,0.192540604,0.756705628,501,129,0.257433646,5.810527872,9.538062504
755,P,,5.04,,7.16,0.76870545,,62,112,148,0.192540604,0.756705628,488,127,0.260192583,30.11783286,9.728271935
756,P,,5.02,,7.17,0.775062938,,62,111,148,0.193140401,0.749949328,508,123,0.242078331,23.25578246,6.545479141
757,P,,5.04,,7.18,0.78134292,,60,113,151,0.18517947,0.748294815,461,128,0.277597051,16.46551425,7.78896646
758,P,,5.02,,7.19,0.787544769,,62,112,147,0.193140401,0.761852935,497,117,0.235365118,23.15296444,8.733744023
759,P,,5.02,,7.2,0.793667864,,62,112,149,0.191944522,0.751627408,482,115,0.238539722,29.71889205,8.331046536
760,P,,5.04,,7.21,0.799711593,,62,111,148,0.193140401,0.749949328,494,117,0.236794171,17.42091979,8.832651123
761,P,,5.04,,7.22,0.805675351,,62,112,149,0.191944522,0.751627408,496,126,0.253981052,13.29274578,6.335707133
762,P,,5.04,,7.23,0.811558542,,62,113,149,0.191352119,0.758338367,491,124,0.2524944,20.67979134,3.466917711
763,P,,5.04,,7.24,0.817360578,,60,112,150,0.186329617,0.746616892,472,124,0.262656217,23.27939891,9.196009615
764,P,,5.02,,7.25,0.823080879,,62,111,147,0.193743946,0.755050677,504,115,0.228129339,12.83145029,8.381896266
765,P,,5.02,,7.26,0.828718872,,62,112,149,0.191944522,0.751627408,480,128,0.266611123,28.23663245,8.020967999
766,P,,5.01,,7.27,0.834273995,,60,113,151,0.18517947,0.748294815,457,113,0.247210676,29.38014628,9.834855557
767,P,,4.91,,7.28,0.83974569,,62,112,149,0.191944522,0.751627408,489,115,0.235125741,21.60062178,8.490598013
768,P,,4.93,,7.29,0.845133412,,62,112,148,0.192540604,0.756705628,501,111,0.221512672,18.26292102,9.494941079
769,P,,4.95,,7.3,0.850436621,,62,111,148,0.193140401,0.749949328,498,132,0.265007027,22.13120514,9.220228271
770,P,,4.93,,7.31,0.855654787,,62,112,148,0.192540604,0.756705628,499,122,0.244439992,21.002459,5.552872518
771,P,,4.95,,7.32,0.860787388,,62,112,149,0.191944522,0.751627408,483,128,0.264955496,9.320292461,6.286528485
772,P,,4.96,,7.33,0.865833911,,62,113,149,0.191352119,0.758338367,488,127,0.260192583,6.126590529,3.660808344
773,P,,4.98,,7.34,0.870793852,,60,111,150,0.186910065,0.73995067,473,133,0.281124498,9.985767084,7.414704909
774,P,,4.93,,7.35,0.875666714,,62,112,148,0.192540604,0.756705628,496,124,0.249949607,21.79461991,8.8997611
775,P,,4.96,,7.36,0.88045201,,62,112,149,0.191944522,0.751627408,502,118,0.235012946,26.63491519,4.690796566
776,P,,4.95,,7.37,0.885149261,,62,112,149,0.191944522,0.751627408,493,120,0.243358345,9.877913736,6.128747626
777,P,,4.91,,7.38,0.889757998,,62,112,148,0.192540604,0.756705628,504,121,0.24003174,17.45378183,9.87789631
778,P,,4.95,,7.39,0.894277761,,62,112,149,0.191944522,0.751627408,488,116,0.237656218,25.39922395,5.823333918
779,P,,4.95,,7.4,0.898708096,,62,112,148,0.192540604,0.756705628,492,114,0.231660232,29.6134394,6.592250668
780,P,,4.95,,7.41,0.903048561,,62,112,148,0.192540604,0.756705628,508,112,0.220429049,22.61135496,5.058155982
781,P,,4.96,,7.42,0.907298722,,61,111,148,0.190619043,0.749949328,513,110,0.214383161,23.00329753,9.729041191
782,P,,4.95,,7.43,0.911458154,,62,113,149,0.191352119,0.758338367,494,125,0.252985226,26.47328424,9.319705189
783,P,,4.93,,7.44,0.915526441,,62,113,149,0.191352119,0.758338367,489,132,0.269883459,19.80781743,5.26625199
784,P,,4.96,,7.45,0.919503176,,62,111,148,0.193140401,0.749949328,502,128,0.254929297,28.86203793,8.852631769
785,P,,4.93,,7.46,0.923387961,,62,112,149,0.191944522,0.751627408,494,122,0.24691358,26.54723501,6.402532644
786,P,,4.95,,7.47,0.927180409,,62,112,149,0.191944522,0.751627408,491,119,0.242313175,8.854193355,8.039675092
787,P,,4.99,,7.48,0.930880139,,61,112,148,0.190025233,0.756705628,513,132,0.257259793,8.154701161,6.898230264
788,P,,4.93,,7.49,0.934486782,,61,112,151,0.188265794,0.741672737,465,124,0.266609331,23.78056379,6.255987491
789,P,,4.91,,7.5,0.937999977,,62,112,148,0.192540604,0.756705628,498,131,0.262999398,24.54479936,4.962440379
790,P,,4.95,,7.51,0.941419373,,62,113,150,0.190763361,0.753283114,486,121,0.248919975,22.45912506,9.264363077
791,P,,4.96,,7.52,0.944744627,,60,112,151,0.185752763,0.741672737,471,109,0.231373381,13.25514865,7.446121398
792,P,,4.96,,7.53,0.947975408,,62,112,148,0.192540604,0.756705628,495,124,0.250454454,23.23933822,6.26642373
793,P,,4.98,,7.54,0.951111392,,62,112,148,0.192540604,0.756705628,507,120,0.236639716,30.43906832,5.767574722
794,P,,4.93,,7.55,0.954152266,,62,113,149,0.191352119,0.758338367,488,123,0.251997541,16.55692018,7.80121406
795,P,,4.96,,7.56,0.957097726,,61,112,150,0.188848642,0.746616892,478,126,0.263543192,27.86952274,9.923051156
796,P,,4.95,,7.57,0.959947476,,62,112,148,0.192540604,0.756705628,498,124,0.248945995,24.3904753,8.113160575
797,P,,4.93,,7.58,0.962701233,,62,112,148,0.192540604,0.756705628,498,130,0.260991769,21.64428269,9.780760835
798,P,,4.91,,7.59,0.96535872,,62,112,149,0.191944522,0.751627408,490,110,0.224443991,14.17874554,4.169510091
799,P,,4.96,,7.6,0.967919672,,62,112,149,0.191944522,0.751627408,495,121,0.244395072,16.08978492,5.864491905
800,P,,4.96,,7.61,0.970383833,,60,112,150,0.186329617,0.746616892,474,128,0.269985235,25.92979041,9.683366127
801,P,,4.98,,7.62,0.972750956,,62,112,148,0.192540604,0.756705628,501,129,0.257433646,27.08787039,9.13627463
802,P,,4.95,,7.63,0.975020806,,62,113,149,0.191352119,0.758338367,490,124,0.25300959,24.27220967,9.489648151
803,P,,4.96,,7.64,0.977193153,,62,112,149,0.191944522,0.751627408,494,103,0.208459826,20.54070748,5.612676352
804,P,,4.93,,7.65,0.979267783,,62,112,149,0.191944522,0.751627408,490,121,0.24688839,28.4941443,8.608423976
805,P,,4.95,,7.66,0.981244486,,62,111,147,0.193743946,0.755050677,516,119,0.23057547,7.078361894,1.384736022
806,P,,4.95,,7.67,0.983123066,,62,112,149,0.191944522,0.751627408,490,113,0.230565191,22.63737079,9.487060179
807,P,,4.93,,7.68,0.984903334,,60,111,150,0.186910065,0.73995067,479,127,0.265080359,31.03872421,7.472502541
808,P,,4.98,,7.69,0.986585113,,61,112,148,0.190025233,0.756705628,504,116,0.230113073,20.40154947,2.848883975
809,P,,4.96,,7.7,0.988168234,,62,113,150,0.190763361,0.753283114,490,129,0.263211589,1.984068919,9.890385925
810,P,,4.95,,7.71,0.989652539,,62,112,149,0.191944522,0.751627408,491,130,0.264711871,15.12616884,7.035729897
811,P,,4.95,,7.72,0.99103788,,61,111,148,0.190619043,0.749949328,506,118,0.233155503,28.73714991,5.633552119
812,P,,4.95,,7.73,0.992324117,,62,113,150,0.190763361,0.753283114,476,122,0.256248687,13.32916219,3.264802218
813,P,,4.91,,7.74,0.993511123,,62,112,148,0.192540604,0.756705628,498,127,0.254968882,17.24661142,9.624845384
814,P,,4.93,,7.75,0.994598779,,62,112,148,0.192540604,0.756705628,501,117,0.23348633,26.63429243,7.345343144
815,P,,4.93,,7.76,0.995586976,,61,111,147,0.191216576,0.755050677,509,135,0.265173836,10.39941507,9.191355823
816,P,,4.98,,7.77,0.996475615,,62,112,149,0.191944522,0.751627408,496,123,0.247933884,16.84277371,7.215167512
817,P,,4.93,,7.78,0.997264607,,61,111,148,0.190619043,0.749949328,510,133,0.26073319,24.20795463,4.115846737
818,P,,4.95,,7.79,0.997953873,,62,112,148,0.192540604,0.756705628,498,119,0.23890785,30.23742647,6.430090978
819,P,,4.95,,7.8,0.998543345,,62,111,147,0.193743946,0.755050677,500,118,0.235952809,16.36528729,4.724955715
820,P,,4.93,,7.81,0.999032964,,62,112,148,0.192540604,0.756705628,495,129,0.260553424,2.908792195,9.964934009
